cartPos:float,cartVel:float,action0:float
-0.5031261704876531,0.0,2
-0.5022796185120664,0.000846551975586675,2
-0.5005928512278555,0.0016867672842108814,2
-0.49807849142449573,0.002514359803359759,2
-0.4947553468212552,0.003323144603240524,2
-0.4906482580787672,0.004107088742488001,2
-0.485787895938963,0.004860362139804233,2
-0.4802105076487144,0.0055773882902485665,2
-0.47395761324365304,0.006252894405061405,2
-0.467075652891673,0.006881960351980014,2
-0.45961558731262303,0.00746006557904999,2
-0.4516324542730789,0.007983133039544114,2
-0.44318488525493244,0.008447569018146455,2
-0.434334587549542,0.00885029770539044,2
-0.425145798159463,0.009188789390079012,2
-0.4156847169158772,0.009461081243585776,2
-0.40601892706178205,0.009665789854095155,2
-0.3962168121374008,0.009802114924381272,2
-0.38634697827896547,0.00986983385843533,2
-0.3764776909693729,0.009869287309592589,2
-0.3666763348475541,0.009801356121818842,2
-0.35700890440616745,0.009667430441386621,2
-0.3475395323217175,0.009469372084449902,2
-0.33833006082510164,0.009209471496615856,2
-0.329439660006784,0.00889040081831767,2
-0.32092449534107076,0.008515164665713226,2
-0.31283744509235595,0.008087050248714835,2
-0.30522786671274654,0.007609578379609406,2
-0.298141409925888,0.007086456786858544,0
-0.29361987297362724,0.0045215369522607456,0
-0.29168955693923426,0.0019303160343929855,0
-0.2923616012768715,-0.0006720443376372074,0
-0.2956321338361906,-0.0032705325593190963,0
-0.3014822181706536,-0.005850084334463065,0
-0.30987760413051024,-0.008395385959856607,0
-0.32076831080758605,-0.010890706677075795,0
-0.33408809319232463,-0.013319782384738594,0
-0.3497538645692547,-0.01566577137693011,0
-0.36766516450356623,-0.01791129993431151,0
-0.38770377564913017,-0.020038611145563906,0
-0.4097335996119889,-0.02202982396285875,0
-0.433600900720971,-0.023867301108982095,0
-0.4591350150606763,-0.02553411433970525,0
-0.48614959953909925,-0.02701458447842299,0
-0.5144444623579059,-0.0282948628188066,0
-0.5438079738959626,-0.029363511538056768,0
-0.5740200092835439,-0.030212035387581288,0
-0.6048553258614396,-0.030835316577895726,0
-0.6360872361048057,-0.03123191024336605,0
-0.6674914050979391,-0.03140416899313344,0
-0.6988495856958706,-0.031358180597931475,0
-0.7299531063971075,-0.031103520701236852,0
-0.7606059463601517,-0.030652839963044177,0
-0.7906272660562711,-0.03002131969611939,0
-0.8198533059440696,-0.02922603988779854,0
-0.8481386134741262,-0.028285307530056692,0
-0.8753566049670093,-0.027217991492883092,0
-0.9013995087421838,-0.02604290377517454,0
-0.9261777661821791,-0.024778257439995302,1
-0.9486189868382356,-0.022441220656056596,2
-0.9676687375240071,-0.019049750685771395,0
-0.9852893056823185,-0.01762056815831145,0
-1.0014528671413128,-0.01616356145899416,0
-1.0161399331580794,-0.014687066016766602,0
-1.0293378428027453,-0.01319790964466597,0
-1.0410393399923699,-0.011701497189624578,0
-1.0512412638099686,-0.010201923817598834,2
-1.0579433715809432,-0.006702107770974486,2
-1.0611467783067936,-0.0032034067258503054,2
-1.060852373748745,0.00029440455804855426,2
-1.0570600665068948,0.003792307241850222,2
-1.0497688534638099,0.007291213043084836,2
-1.038977714800804,0.010791138663005986,2
-1.0246873362135223,0.014290378587281745,2
-1.0069026559452103,0.017784680268312005,2
-0.9856362198277405,0.02126643611746977,2
-0.9609122978859206,0.024723921941819927,2
-0.9327716671758546,0.02814063071006605,2
-0.901276895093722,0.031494772082132534,2
-0.8665178663551073,0.03475902873861474,2
-0.828617191247231,0.037900675107876355,2
-0.7877350254525227,0.0408821657947083,2
-0.7440727431650291,0.0436622822874936,2
-0.6978748620678353,0.046197881097193756,2
-0.6494286495580217,0.048446212509813597,2
-0.5990609670389346,0.05036768251908712,2
-0.5471321400905829,0.051928826948351714,2
-0.494026959495841,0.053105180594741834,2
-0.44014327670766873,0.05388368278817232,2
-0.38587899153401856,0.05426428517365018,2
-0.3316184684640877,0.05426052306993082,2
-0.2777195058037268,0.053898962660360934,2
-0.22450189721463304,0.05321760858909373,2
-0.1722383882966005,0.052263508918032546,2
-0.12114849603887551,0.05108989225772498,2
-0.07139529756665816,0.04975319847221735,2
-0.02308497348976795,0.04831032407689021,1
0.02273134349627136,0.04581631698603931,1
0.06605347126214647,0.043322127765875115,2
0.10792452305630416,0.04187105179415769,2
0.14842547079106141,0.04050094773475725,2
0.18767018940823876,0.03924471861717736,2
0.22580077777145144,0.038130588363212675,1
0.2619833574143506,0.036182579642899164,1
0.29639914601968603,0.03441578860533545,0
0.32823984594498956,0.03184069992530351,1
0.35869780388530287,0.030457957940313318,2
0.3889688363132914,0.030271032427988488,2
0.419257373374543,0.030288537061251637,2
0.44977606720933677,0.030518693834793765,1
0.47974560572666364,0.02996953851732689,1
-0.5380136211617256,0.0,2
-0.5369055435131715,0.0011080776485539801,2
-0.5346976916107354,0.002207851902436091,2
-0.5314066132186951,0.003291078392040383,2
-0.5270569813991743,0.0043496318195206975,2
-0.5216814135014145,0.005375567897759792,2
-0.515320225740083,0.006361187761331521,2
-0.5080211207200248,0.007299105020058197,2
-0.4998388055897839,0.008182315130240897,2
-0.49083453937260807,0.009004266217175809,2
-0.48107560943041994,0.009758929942188115,2
-0.4706347389118066,0.010440870518613294,2
-0.4595894293179097,0.011045309593896909,2
-0.4480212448439119,0.011568184473997753,2
-0.43601504773777944,0.012006197106132472,2
-0.4236581963612901,0.012356851376489359,2
-0.41103971973854453,0.01261847662274558,2
-0.39824948394913734,0.012790235789407172,2
-0.3853773666183346,0.012872117330802731,2
-0.37251245587817083,0.012864910740163774,2
-0.35974228948652515,0.012770166391645679,2
-0.3471521483264783,0.012590141160046848,2
-0.33482441635759297,0.012327731968885291,2
-0.32283801639724474,0.011986399960348214,2
-0.31126792805238923,0.01157008834485549,2
-0.3001847908961636,0.011083137156225628,2
-0.2896545927842596,0.010530198111904018,0
-0.28173844021009425,0.007916152574165329,0
-0.2764812131696553,0.0052572270404389505,0
-0.2739122016578677,0.002569011511787546,0
-0.27404556631538385,-0.00013336465751610186,0
-0.2768805745044465,-0.0028350081890626544,0
-0.2824015878765884,-0.005521013372141962,0
-0.2905778026765459,-0.008176214799957508,0
-0.3013627691895803,-0.010784966513034374,0
-0.3146937414550915,-0.013330972265511158,0
-0.3304909319619057,-0.015797190506814215,0
-0.34865676739450996,-0.01816583543260423,0
-0.369075258957165,-0.02041849156265499,0
-0.39161161219591517,-0.022536353238750195,0
-0.41611220409206245,-0.024500591896147308,0
-0.44240504712522766,-0.026292843033165182,0
-0.4703008392487209,-0.02789579212349323,0
-0.4995946647999937,-0.0292938255512728,0
-0.5300683656226666,-0.030473700822672818,0
-0.5614935475664703,-0.03142518194380376,0
-0.5936351305209295,-0.032141582954459215,0
-0.6262552970570868,-0.0326201665361573,0
-0.6591176527008977,-0.032862355643810924,0
-0.6919913858797437,-0.03287373317884604,0
-0.7246552113943674,-0.032663825514623664,0
-0.7569008984702355,-0.0322456870758681,0
-0.7885362203681504,-0.03163532189791501,0
-0.8193872118337127,-0.030850991465562232,0
-0.8492996764342738,-0.02991246460056122,0
-0.8781399409673629,-0.02884026453308904,0
-0.9057949025562844,-0.027654961588921466,0
-0.9321714515764382,-0.026376549020153864,1
-0.9561953781733237,-0.024023926596885455,2
-0.9768118932487386,-0.020616515075414964,2
-0.9939839356303135,-0.017172042381574923,0
-1.0096877669134823,-0.015703831283168743,0
-1.0239074100698589,-0.014219643156376654,0
-1.0366331530891442,-0.012725743019285404,0
-1.0478601515765433,-0.011226998487399262,0
-1.0575871550031326,-0.00972700342658935,2
-1.063815372699919,-0.006228217696786447,2
-1.0665466964632204,-0.002731323763301214,2
-1.0657822309249954,0.0007644655382250589,2
-1.0615216500214344,0.00426058090356106,2
-1.0537633770355173,0.00775827298591706,2
-1.0425055890221953,0.011257788013322112,2
-1.0277480486680108,0.014757540354184456,2
-1.0094947627919948,0.018253285876016146,2
-0.9877574517517556,0.02173731104023925,2
-0.9625597831589849,0.02519766859277059,2
-0.933942272470409,0.028617510688575987,2
-0.9019676799561014,0.03197459251430758,2
-0.8667266394010726,0.0352410405550287,2
-0.8283431451270938,0.03838349427397879,2
-0.7869794140763591,0.04136373105073474,2
-0.7428395501461804,0.0441398639301787,2
-0.6961713964246623,0.046668153721518134,2
-0.6472659967957978,0.048905399628864483,2
-0.5964542243450398,0.05081177245075798,2
-0.5441003761436762,0.052353848201363566,2
-0.4905928628627473,0.05350751328092895,2
-0.436332489616985,0.054260373245762265,2
-0.38171916270447687,0.05461332691250813,2
-0.3271380925528429,0.05458107015163401,2
-0.27294664099172955,0.05419145156111334,2
-0.21946286176440843,0.05348377922732112,2
-0.166956530514369,0.052506331250039416,2
-0.11564311257867879,0.05131341793569022,2
-0.06568074765773085,0.04996236492094794,2
-0.017170007500846643,0.04851074015688421,0
0.027844048525801482,0.045014056026648125,1
0.07036682150622961,0.04252277298042813,2
0.11144509218706122,0.04107827068083161,2
0.15116179126403667,0.03971669907697546,2
0.1896311762942242,0.038469385030187556,2
0.2269943174570222,0.03736314116279797,1
0.2624150729457876,0.03542075548876537,1
0.2960713296587652,0.0336562567129776,0
0.3271505891700352,0.03107925951127,1
0.3568403080035759,0.029689718833540685,2
0.3863308588143651,0.02949055081078916,2
0.4158207522860202,0.029489893471655176,2
0.44551632169852456,0.02969556941250436,1
0.4746316136907998,0.029115291992275243,1
-0.4005048891501115,0.0,0
-0.40240725317532866,-0.0019023640252171328,0
-0.4061986607048173,-0.003791407529488658,0
-0.41185247803297315,-0.005653817328155821,0
-0.41932878229416737,-0.0074763042611942,0
-0.4285744202222474,-0.009245637928080011,0
-0.4395231270735925,-0.01094870685134508,0
-0.45209573657300506,-0.012572609499412558,0
-0.4662005156263829,-0.014104779053377852,0
-0.48173365738351454,-0.015533141757131623,0
-0.498579962692507,-0.016846305308992452,0
-0.5166137329695275,-0.018033770277020578,0
-0.535699887232281,-0.01908615426275348,0
-0.5556953030920206,-0.019995415859739685,0
-0.5764503668092119,-0.02075506371719124,0
-0.5978107023418326,-0.021360335532620688,0
-0.6196190350913294,-0.021808332749496808,0
-0.641717134237199,-0.02209809914586959,0
-0.6639477694275953,-0.02223063519039628,0
-0.6861566140764546,-0.02220884464885927,0
-0.7081940290187944,-0.022037414942339798,0
-0.7299166666383547,-0.021722637619560448,0
-0.7511888461085953,-0.02127217947024053,0
-0.7718836639551481,-0.020694817846552752,0
-0.7918838193783321,-0.020000155423183966,0
-0.8110821492381669,-0.019198329859834818,0
-0.8293818820047842,-0.018299732766617286,0
-0.8466966322936988,-0.01731475028891456,0
-0.862950167174999,-0.016253534881300078,0
-0.8780759819794037,-0.015125814804404747,0
-0.8920167268702617,-0.013940744890857901,0
-0.9047235263189942,-0.01270679944873249,2
-0.9141552322928612,-0.009431705973867013,0
-0.9222834367116993,-0.008128204418838146,0
-0.92908513622169,-0.00680169950999065,0
-0.9345421441062975,-0.005457007884607559,0
-0.9386405746052086,-0.00409843049891106,1
-0.9403704144056987,-0.0017298398004901632,1
-0.9397275445249698,0.0006428698807289155,2
-0.9357134882681467,0.004014056256823042,2
-0.9283379563329374,0.007375531935209331,2
-0.9176196830223167,0.010718273310620642,2
-0.9035879352443131,0.01403174777800358,2
-0.8862846376787629,0.01730329756555022,2
-0.8657670228520471,0.020517614826715793,2
-0.8421106721970554,0.02365635065499177,2
-0.8154127639360071,0.026697908261048175,2
-0.7857952888613382,0.029617475074668977,2
-0.7534079420129517,0.03238734684838651,2
-0.7184303563170537,0.034977585695898046,2
-0.6810733254404229,0.03735703087663078,2
-0.6415786800583442,0.03949464538207871,2
-0.6002175446862307,0.04136113537211355,2
-0.5572868152831331,0.04293072940309761,2
-0.5131038554729969,0.04418295981013621,2
-0.46799959456005646,0.0451042609129404,2
-0.4223103966326053,0.045689197927451186,2
-0.37636922494603764,0.04594117168656767,2
-0.3304967199287542,0.04587250501728349,2
-0.2849928235103341,0.045503896418420064,2
-0.2401295139796587,0.04486330953067542,2
-0.19614507813348392,0.0439844358461748,2
-0.15324016787745698,0.04290491025602694,2
-0.11157569898245057,0.04166446889500641,2
-0.0712724800788782,0.04030321890357237,2
-0.03241233119307412,0.03886014888580407,2
0.004959627174559833,0.037371958367633955,2
0.040831862263482906,0.03587223508892307,2
0.0752228303714574,0.03439096810797449,2
0.10817718661780379,0.03295435624634639,2
0.13976204236542672,0.031584855747622945,2
0.17006344862113829,0.03030140625571157,2
0.19918322595355908,0.02911977733242079,2
0.22723621155650528,0.028052985602946195,2
0.2543479541427573,0.027111742586252017,2
0.28065285754390856,0.026304903401151252,2
0.30629275317270227,0.025639895628793714,2
0.3314158682168742,0.025123115044171904,2
0.35617614872689246,0.024760280510018263,2
0.3807328928457416,0.02455674411884911,2
0.4052506477064976,0.024517754860756004,2
0.42989932261452657,0.02464867490802897,2
0.45485446985880906,0.024955147244282484,1
0.4792976818380289,0.024443211979219864,1
-0.44445672650718027,0.0,0
-0.44604473090952146,-0.0015880044023411845,0
-0.4492091571696624,-0.003164426260140956,0
-0.4539268859298157,-0.004717728760153303,0
-0.46016335742214254,-0.006236471492326797,0
-0.467872727987867,-0.007709370565724469,0
-0.476998099802915,-0.009125371815047998,0
-0.48747183930861776,-0.01047373950570276,0
-0.49921600069615757,-0.011744161387539793,0
-0.5121428698586339,-0.012926869162476342,0
-0.5261556414013712,-0.014012771542737236,0
-0.5411492366386361,-0.014993595237264935,0
-0.5570112642257058,-0.015862027587069623,0
-0.5736231175793461,-0.016611853353640314,0
-0.5908611950879474,-0.017238077508601336,0
-0.6085982209844238,-0.017737025896476397,0
-0.6267046373844114,-0.0181064163999875,0
-0.6450500320866721,-0.018345394702260723,0
-0.6635045628872138,-0.01845453080054169,0
-0.681940337780199,-0.01843577489298522,0
-0.7002327116716717,-0.018292373891472695,0
-0.7182614640176295,-0.018028752345957813,0
-0.7359118277697865,-0.01765036375215701,0
-0.7530753476266145,-0.01716351985682808,0
-0.7696505541766328,-0.016575206550018255,0
-0.7855434493801232,-0.015892895203490503,0
-0.8006678073033083,-0.015124357923185066,0
-0.8149453015451599,-0.014277494241851521,0
-0.8283054769851393,-0.013360175439979466,0
-0.8406855881052532,-0.01238011112011386,0
-0.852030329141245,-0.01134474103599182,0
-0.862291482774132,-0.010261153632887054,0
-0.8714275141660949,-0.00913603139196285,0
-0.8794031361181005,-0.007975621952005615,0
-0.8861888692494501,-0.006785733131349567,0
-0.8917606186336107,-0.005571749384160645,1
-0.8950992855019577,-0.0033386668683470368,1
-0.8961937242181843,-0.001094438716226605,2
-0.8940403301073185,0.002153394110865826,2
-0.8886462186800907,0.0053941114272277905,2
-0.8800296236697634,0.008616595010327296,2
-0.8682208771141293,0.011808746555634122,2
-0.8532639230007623,0.014956954113367046,2
-0.8352182829719302,0.018045640028832,2
-0.8141613552983775,0.021056927673552724,2
-0.790190887257564,0.023970468040813462,2
-0.7634274186066606,0.026763468650903368,2
-0.734016454697365,0.029410963909295665,2
-0.7021300988286352,0.03188635586872975,2
-0.6679678631525189,0.03416223567611628,2
-0.6317563945245007,0.03621146862801813,2
-0.5937479029118359,0.038008491612664876,2
-0.554217167718325,0.039530735193510934,2
-0.5134571173712198,0.04076005034710512,2
-0.47177311772645975,0.04168399964476003,2
-0.42947624642456034,0.04229687130189941,2
-0.38687595075953574,0.04260029566502463,2
-0.3442725646790453,0.042603386080490385,2
-0.3019501815941588,0.04232238308488651,2
-0.260170339676214,0.04177984191794483,2
-0.21916688289836447,0.041003456777849535,2
-0.1791422315126713,0.04002465138569317,2
-0.14026515229955255,0.038877079213118754,2
-0.10266998382543846,0.03759516847411409,2
-0.06645716226436106,0.0362128215610774,2
-0.03169481882966855,0.03476234343469251,2
0.0015788174102702932,0.03327363623993884,2
0.03335248169263138,0.031773664282361086,2
0.06363864990324769,0.030286168210616318,2
0.09247024101896797,0.028831591115720284,2
0.11989741269170458,0.027427171672736606,2
0.14598457137456747,0.02608715868286289,2
0.170807676651688,0.024823105277120533,2
0.1944518842319635,0.0236442075802755,2
0.21700954439744935,0.02255766016548585,2
0.23857855240625592,0.02156900800880656,2
0.25926103359695074,0.02068248119069485,2
0.2791623375641922,0.019901303967241463,2
0.2983903115438513,0.019227973979659144,2
0.3170548219172567,0.01866451037340536,2
0.33526749353864893,0.018212671621392246,2
0.35314163861365633,0.017874145075007404,2
0.370792349491635,0.017650710877978672,2
0.388336732511354,0.017544383019718987,2
0.40589426260149086,0.01755753009013689,2
0.4235872404059974,0.0176929778045065,2
0.44154133504436704,0.017954094638369684,1
0.45888619600560704,0.017344860961240015,2
0.4767487556076651,0.017862559602058094,1
0.49426109578049987,0.017512340172834786,1
-0.4656682693150056,0.0,0
-0.46710056428322283,-0.001432294968217233,0
-0.46995456986743694,-0.002854005584214111,0
-0.47420917255748296,-0.004254602690046027,0
-0.47983284338341703,-0.005623670825934089,0
-0.48678381640631924,-0.006950973022902218,0
-0.4950103406260679,-0.0082265242197487,0
-0.5044510153452738,-0.009440674719205925,0
-0.515035219301346,-0.01058420395607216,0
-0.5266836428648325,-0.011648423563486453,0
-0.5393089302540831,-0.012625287389250594,0
-0.5528164350993987,-0.013507504845315627,0
-0.5671050879914102,-0.014288652892011497,0
-0.582068369174737,-0.014963281183326758,0
-0.5975953737073931,-0.015527004532656126,0
-0.6135719506775691,-0.01597657697017595,0
-0.6298818929562662,-0.01630994227869714,0
-0.6464081499428374,-0.01652625698657121,0
-0.6630340332245344,-0.016625883281697056,0
-0.6796443842848964,-0.016610351060361992,0
-0.6961266744616051,-0.016482290176708745,0
-0.7123720102010167,-0.01624533573941154,0
-0.7282760210498406,-0.015904010848823872,0
-0.743739613398878,-0.015463592349037384,0
-0.7586695792990591,-0.014929965900181101,0
-0.772979056225079,-0.01430947692601995,0
-0.7865878400074137,-0.013608783782334691,0
-0.7994225588960617,-0.01283471888864803,0
-0.8114167215620243,-0.011994162665962578,0
-0.8225106555991912,-0.01109393403716692,0
-0.8326513556840163,-0.010140700084825012,0
-0.8417922620043574,-0.009140906320341183,0
-0.849892989979245,-0.008100727974887641,0
-0.8569190318060651,-0.007026041826820151,0
-0.8628414491644926,-0.005922417358427517,0
-0.8676365746551175,-0.004795125490624861,0
-0.8712857374194195,-0.003649162764302015,1
-0.8727750260159404,-0.0014892885965208992,1
-0.872098837221684,0.0006761887942563658,2
-0.8682597097436858,0.00383912747799819,2
-0.8612722257507331,0.006987483992952627,2
-0.8511636557944489,0.010108569956284293,2
-0.8379750975154562,0.013188558278992634,2
-0.8217630403095664,0.016212057205889772,2
-0.802601253818643,0.019161786490923354,2
-0.7805828614213924,0.022018392397250553,2
-0.7558224226274025,0.024760438793989918,2
-0.7284578140398388,0.027364608587563757,2
-0.6986516727779436,0.029806141261895198,2
-0.6665921557211729,0.032059517056770626,2
-0.6324927797436047,0.03409937597756818,2
-0.5965911480317279,0.035901631711876915,2
-0.5591464381186717,0.037444709913056186,2
-0.5204356257917521,0.03871081232691959,2
-0.48074853673233253,0.039687089059419554,2
-0.4403819400548751,0.04036659667745744,2
-0.39963300666662893,0.040748933388246124,2
-0.35879253250599563,0.04084047416063332,2
-0.318138358522864,0.040654173983131627,2
-0.2779293998919206,0.04020895863094335,2
-0.23840062999346356,0.03952876989845705,2
-0.19975926225309754,0.038641367740366014,2
-0.16218225249248297,0.03757700976061457,2
-0.12581512468150868,0.03636712781097429,2
-0.09077201978883578,0.035043104892672906,2
-0.057136791261613855,0.03363522852722193,2
-0.02496492567538893,0.032171865586224924,2
0.0057139481685398764,0.030678873843928808,2
0.03489318930701596,0.029179241138476086,2
0.06258611520731379,0.027692925900297826,2
0.08882297829801208,0.026236863090698292,2
0.11364807455837755,0.024825096260365463,2
0.13711707242147547,0.02346899786309791,2
0.1592946168397215,0.02217754441824602,2
0.18025223593348666,0.02095761909376516,2
0.20006655656445002,0.019814320630963368,2
0.2188178200542417,0.018751263489791673,2
0.23658867928892008,0.017770859234678377,2
0.253463252624466,0.0168745733355459,2
0.2695264073521745,0.016063154727708487,2
0.2848632451100491,0.015336837757874637,2
0.299558762797195,0.014695517687145871,2
0.31369766467860327,0.01413890188140828,2
0.3273643040181901,0.013666639339586855,2
0.340642735432477,0.013278431414286841,2
0.3536168619985535,0.012974126566076535,2
0.3663706638352679,0.012753801836714377,2
0.37898849731652295,0.012617833481255048,2
0.3915554562159478,0.01256695889942482,2
0.40415778788934426,0.012602331673396456,2
0.41688335904986357,0.012725571160519334,2
0.4298221667538961,0.012938807704032575,2
0.44306689085580314,0.013244724101907045,2
0.4567134843509437,0.013646593495140608,2
0.4708617976262043,0.014148313275260532,1
0.4846162315571212,0.013754433930916925,1
0.49807896239521016,0.01346273083808894,1
-0.5900997337051123,0.0,2
-0.5886042784801057,0.0014954552250065981,2
-0.5856243664283387,0.002979912051766933,2
-0.5811819423130709,0.00444242411526782,2
-0.5753097892687438,0.0058721530443271094,2
-0.5680513573644722,0.007258431904271518,2
-0.5594605184155159,0.008590838948956328,2
-0.5496012349510622,0.00985928346445379,2
-0.5385471307674089,0.011054104183653275,2
-0.5263809514941297,0.012166179273279249,2
-0.5131939061439046,0.013187045350225123,2
-0.499084884642701,0.014109021501203587,2
-0.48415955164299906,0.014925332999701965,2
-0.4685293231652234,0.01563022847777566,2
-0.45231023932466796,0.016219083840555416,2
-0.43562175302876843,0.016688486295899543,2
-0.4185854604833107,0.017036292545457753,2
-0.4013238040650273,0.017261656418283346,2
-0.38395878113485443,0.01736502293017291,2
-0.3666106933652227,0.017348087769631773,2
-0.3493969700118021,0.0172137233534206,2
-0.3324310953570354,0.016965874654766663,2
-0.3158216655650566,0.016609429791978842,2
-0.2996715938461556,0.016150071718900965,2
-0.2840774756637398,0.01559411818241577,2
-0.26912911829141245,0.014948357372327357,2
-0.2549092318764035,0.014219886415008914,2
-0.24149327274024657,0.013415959136156948,0
-0.23094942428323256,0.010543848457014,0
-0.22332915046984114,0.007620273813391428,0
-0.21866845030224466,0.00466070016759648,0
-0.21698883790621915,0.0016796123960255084,0
-0.21829797177480942,-0.0013091338685902744,0
-0.22258988700864912,-0.00429191523383971,0
-0.22984481405363055,-0.007254927044981439,0
-0.24002859678931188,-0.010183782735681334,0
-0.25309175241879495,-0.013063155629483096,0
-0.26896824582616474,-0.015876493407369775,0
-0.2875740816970312,-0.01860583587086645,0
-0.3088058476179837,-0.021231765920952467,0
-0.3325393683112709,-0.023733520693287217,0
-0.35862865167175473,-0.02608928336048385,0
-0.38690531698057257,-0.028276665308817846,0
-0.41717868989205387,-0.0302733729114813,0
-0.44923672351470645,-0.032058033622652575,0
-0.48284785801502256,-0.033611134500316095,0
-0.5177638636503846,-0.03491600563536203,0
-0.5537236288905039,-0.035959765240119276,0
-0.5904577651635798,-0.03673413627307598,0
-0.6276938145230779,-0.037236049359498126,0
-0.6651617788038413,-0.03746796428076341,0
-0.7025996494907938,-0.03743787068695252,0
-0.7397586131564318,-0.03715896366563794,0
-0.776407638643777,-0.03664902548734526,0
-0.8123372138111893,-0.035929575167412194,0
-0.8473620814706008,-0.035024867659411485,0
-0.8813229135882575,-0.03396083211765672,0
-0.91408694760499,-0.032764034016732405,0
-0.945547679137953,-0.03146073153296304,0
-0.9756237554677272,-0.03007607632977418,2
-1.0022572423034655,-0.02663348683573824,1
-1.0264134155970772,-0.024156173293611766,1
-1.0480744470946886,-0.02166103149761143,2
-1.0662354872429423,-0.01816104014825362,2
-1.080900603766775,-0.014665116523832674,2
-1.0920784882349712,-0.011177884468196295,2
-1.0997789993477798,-0.007700511112808538,2
-1.1040105501141606,-0.004231550766380903,2
-1.1047783248769414,-0.0007677747627807549,2
-1.1020833068666744,0.0026950180102668655,2
-1.0959221023761514,0.0061612044905230215,2
-1.0862875587847378,0.009634543591413679,2
-1.0731701858246718,0.01311737296006593,2
-1.0565603980255371,0.016609787799134603,2
-1.0364515963691971,0.020108801656339916,2
-1.0128440937002334,0.02360750266896375,2
-0.9857498560843394,0.027094237615893985,2
-0.9551979762791702,0.03055187980516912,2
-0.9212407126814012,0.03395726359776904,2
-0.8839598180867718,0.037280894594629375,2
-0.843472753996791,0.04048706408998084,2
-0.7999382532017102,0.043534500795080804,2
-0.7535605809570689,0.04637767224464133,2
-0.7045917866983052,0.04896879425876366,2
-0.6533312703165086,0.05126051638179668,2
-0.6001221388382117,0.05320913147829689,2
-0.5453441100766958,0.054778028761515885,2
-0.48940310695998707,0.055941003116708736,2
-0.4327181217466889,0.05668498521329819,2
-0.37570632840462975,0.05701179334205912,2
-0.31876769420888673,0.056938634195743014,0
-0.26427042137192813,0.05449727283695859,2
-0.21052776240072701,0.05374265897120111,2
-0.15780283770593986,0.05272492469478716,2
-0.10630296161925694,0.051499876086682925,2
-0.05617703073583459,0.05012593088342235,2
-0.007515680394407323,0.04866135034142727,0
0.03764630538143231,0.04516198577583963,1
0.08032421821554486,0.04267791283411256,2
0.12157436526752284,0.04125014705197798,2
0.16148895590422851,0.03991459063670569,2
0.2001912381056837,0.03870228220145519,2
0.23783099146806985,0.03763975336238614,1
0.27358054379143165,0.03574955232336181,1
0.30762589916720806,0.03404535537577642,0
0.33916243416656144,0.03153653499935336,1
0.36938520569961014,0.030222771533048687,2
0.3994921953055776,0.030106989605967457,2
0.42968974187424747,0.030197546568669825,2
0.46019225075405384,0.030502508879806354,1
0.4902220733500024,0.03002982259594857,1
-0.44554489265279895,0.0,0
-0.44712496164093274,-0.0015800689881337998,0
-0.4502735660360778,-0.003148604395145098,0
-0.45496768502900675,-0.004694118992928946,0
-0.46117290813705974,-0.006205223108052992,0
-0.4688435932261911,-0.0076706850891313854,0
-0.4779230978376961,-0.009079504611504982,0
-0.4883440990069577,-0.010421001169261588,0
-0.5000290175764512,-0.011684918569493585,0
-0.5128905620627915,-0.012861544486340292,0
-0.5268324043378653,-0.013941842275073823,0
-0.5417499947777752,-0.014917590439909941,0
-0.5575315183413777,-0.015781523563602483,0
-0.574058985657858,-0.016527467316480263,0
-0.5912094451823258,-0.017150459524467865,0
-0.6088562944879927,-0.017646849305666987,0
-0.6268706615236173,-0.018014367035624555,0
-0.6451228208693096,-0.018252159345692374,0
-0.6634836062557206,-0.018360785386410988,0
-0.6818257792692102,-0.018342173013489567,0
-0.700025315409372,-0.01819953614016179,0
-0.7179625723979354,-0.01793725698856346,0
-0.7355233115199199,-0.017560739121984487,0
-0.7525995502756289,-0.017076238755709003,0
-0.7690902330811853,-0.016490682805556416,0
-0.7849017154837076,-0.015811482402522257,0
-0.7999480657055187,-0.015046350221811057,0
-0.8141511947586284,-0.01420312905310972,0
-0.8274408324853874,-0.013289637726758938,0
-0.8397543714605762,-0.012313538975188864,0
-0.8510366036724116,-0.011282232211835427,0
-0.8612393763599495,-0.010202772687537909,0
-0.8703211934984648,-0.009081817138515337,0
-0.8782467884310005,-0.00792559493253566,0
-0.8849866913067113,-0.0067399028757108275,0
-0.8905168125619518,-0.005530121255240531,0
-0.8948180608962,-0.004301248334248162,1
-0.8968760112363842,-0.0020579503401842213,2
-0.8956838938088509,0.0011921174275332466,2
-0.8912456197338877,0.004438274074963194,2
-0.8835760023608705,0.007669617373017142,2
-0.8727015709783323,0.010874431382538229,2
-0.8586619375559521,0.014039633422380184,2
-0.8415116453018131,0.017150292254138992,2
-0.8213223917956919,0.02018925350612124,2
-0.7981854792696322,0.023136912526059608,2
-0.7722143020372353,0.025971177232396968,2
-0.7435466401107245,0.028667661926510872,2
-0.7123464949727534,0.031200145137971116,2
-0.6788051864367992,0.033541308535954203,2
-0.6431414374038122,0.035663749032987024,2
-0.6056002137757688,0.03754122362804343,2
-0.5664501638344459,0.03915004994132282,2
-0.5259796129620148,0.04047055087243114,2
-0.48449120596117984,0.04148840700083495,2
-0.44229543331961807,0.04219577264156177,2
-0.3997034075712185,0.04259202574839952,2
-0.3570193491181589,0.042684058453059615,2
-0.314533280267069,0.042486068851089895,2
-0.27251440423904505,0.042018876028023934,2
-0.2312055667519746,0.041308837487070454,2
-0.19081907629410894,0.040386490457865645,2
-0.15153401692462817,0.03928505936948076,2
-0.11349504715698669,0.03803896976764148,2
-0.07681255930477482,0.03668248785221188,2
-0.04156398775512001,0.03524857154965481,2
-0.007796006266848551,0.03376798148827146,2
0.024472658939535208,0.03226866520638376,2
0.055248058869128626,0.030775399929593418,2
0.08455771917503067,0.029309660305902048,2
0.11244738664662808,0.027889667471597403,2
0.13897795989328382,0.026530573246655746,2
0.16422269591756403,0.025244736024280214,2
0.18826474682083075,0.024042050903266714,2
0.211195050850461,0.02293030402963025,2
0.23311057951485928,0.02191552866439827,2
0.2541129268734509,0.021002347358591626,2
0.2743072172477986,0.020194290374347723,2
0.2938013022593867,0.01949408501158812,2
0.3127052160931749,0.018903913833788186,2
0.3311308581756567,0.01842564208248178,2
0.34919187418814723,0.01806101601249056,2
0.367003708838477,0.017811834650329775,2
0.38468380657302287,0.01768009773454588,2
0.4023519390357638,0.017668132462740897,2
0.42013064026889696,0.0177787012331332,2
0.43814573214981495,0.01801509188091797,1
0.45552692314123155,0.017381190991416606,2
0.4734011164322018,0.017874193290970238,1
0.4909002486602557,0.017499132228053924,1
-0.5973868758496257,0.0,2
-0.5958379737566342,0.0015489020929914858,2
-0.5927515087585645,0.003086464998069675,2
-0.5881501105864128,0.004601398172151782,2
-0.5820675977278996,0.006082512858513134,2
-0.574548813915786,0.007518783812113558,2
-0.5656493910213277,0.008899422894458303,2
-0.5554354243528503,0.010213966668477369,2
-0.5439830456765223,0.011452378676327975,2
-0.5313778802447493,0.012605165431773053,2
-0.517714376823903,0.013663503420846282,2
-0.5030950041016671,0.014619372722235865,2
-0.4876293127103411,0.015465691391325979,2
-0.47143286904996484,0.016196443660376272,2
-0.4546260746142564,0.016806794435708452,2
-0.43733289198865843,0.01729318262559798,2
-0.4196795054334594,0.017653386555199057,2
-0.4017929493438226,0.017886556089636796,2
-0.3837997413546663,0.01799320798915629,2
-0.36582455806590236,0.01797518328876396,2
-0.34798899015634355,0.017835567909558828,2
-0.3304104101241643,0.017578580032179297,2
-0.3132009803529286,0.017209429771235706,2
-0.296466822148431,0.016734158204497612,2
-0.2803073584289703,0.016159463719460695,2
-0.26481483452244475,0.015492523906525536,1
-0.25107401363257165,0.013740820889873127,2
-0.23815691475940742,0.012917098873164225,0
-0.2281284161980163,0.010028498561391113,0
-0.22103693723001727,0.007091478967999028,0
-0.2169156610646926,0.004121276165324687,0
-0.21578346368040732,0.001132197384285263,0
-0.2176454775700533,-0.0018620138896459698,0
-0.22249324965914177,-0.004847772089088487,0
-0.23030448228699982,-0.007811232627858052,0
-0.24104237554093003,-0.0107378932539302,0
-0.25465461898790465,-0.013612243446974646,0
-0.2710721112785327,-0.016417492290628076,0
-0.29020751687231783,-0.019135405593785106,0
-0.31195379893825786,-0.021746282065940016,0
-0.33618289382186983,-0.02422909488361194,0
-0.36274471166437855,-0.026561817842508714,0
-0.39146665527794955,-0.028721943613570982,0
-0.42215384051553306,-0.030687185237583535,0
-0.4545901722901961,-0.032436331774663055,0
-0.48854037939560174,-0.03395020710540562,0
-0.5237530399784761,-0.03521266058287436,0
-0.5599645435785404,-0.03621150360006433,0
-0.5969038446386564,-0.036939301060116,0
-0.634297778515917,-0.03739393387726054,0
-0.6718766469593392,-0.037578868443422335,0
-0.7093797461711616,-0.037503099211822336,0
-0.7465605126484203,-0.037180766477258625,0
-0.7831909996114341,-0.036630486963013895,0
-0.8190654635425256,-0.035874463931091526,0
-0.8540029252884638,-0.034937461745938175,0
-0.8878486604782613,-0.03384573518979749,0
-0.9204746575776386,-0.03262599709937734,0
-0.9517791495390598,-0.03130449196142124,2
-0.9796853715341641,-0.02790622199510427,1
-1.0051426947967903,-0.02545732326262608,1
-1.0281198885541967,-0.0229771937574063,2
-1.0476011757126866,-0.019481287158489985,0
-1.065582464703945,-0.0179812889912582,2
-1.080067555288091,-0.014485090584145984,2
-1.091064790944111,-0.0109972356560199,2
-1.0985836441391936,-0.007518853195082768,2
-1.1026321445198848,-0.004048500380691082,2
-1.1032151364802503,-0.0005829919603655581,2
-1.1003333475968884,0.00288178888336185,2
-1.0939832549042543,0.006350092692634033,2
-1.0841577469599328,0.009825507944321573,2
-1.0708475914075635,0.013310155552369363,2
-1.0540437256155397,0.016803865792023653,2
-1.0337403870936528,0.020303338521886986,2
-1.009939085616808,0.02380130147684489,2
-0.9826533850611365,0.027285700555671484,2
-0.9519144051849571,0.03073897987617944,2
-0.9177768691071934,0.03413753607776367,2
-0.8803254119980203,0.03745145710917305,2
-0.8396807377167386,0.04064467428128166,2
-0.7960050786462974,0.04367565907044112,2
-0.7495063053621019,0.04649877328419547,2
-0.7004399807217445,0.04906632464035738,2
-0.6491086934540717,0.051331287267672755,2
-0.5958581673181005,0.05325052613597125,2
-0.541069930369008,0.054788236949092566,2
-0.48515071974621216,0.0559192106227958,2
-0.4285192305630321,0.05663148918318008,2
-0.3715912075104711,0.056928023052560985,2
-0.3147641363059273,0.056827071204543785,2
-0.2584028556832248,0.05636128062270251,0
-0.20482726276252433,0.05357559292070048,2
-0.15229435065152816,0.052532912110996165,2
-0.10100501830486726,0.0512893323466609,2
-0.051101788804599875,0.04990322950026738,2
-0.0026692386285157577,0.04843255017608412,0
0.04226339170153218,0.044932630330047935,1
0.08471608981187059,0.04245269811033842,2
0.1257490934477249,0.04103300363585429,2
0.16545789169384317,0.039708798246118296,2
0.20396840158832105,0.03851050989447787,2
0.24143252373002339,0.03746412214170233,1
0.27702423326494935,0.035591709534925985,1
0.3109307333171052,0.03390650005215584,0
0.3423482499403443,0.03141751662323909,1
0.37247239124811105,0.03012414130776677,2
0.40250151807205137,0.03002912682394032,2
0.43264226219940893,0.03014074412735758,1
0.46210926654163265,0.029467004342223713,1
0.49111771062469955,0.029008444083066905,1
-0.5231005134474573,0.0,2
-0.522104250412197,0.0009962630352603262,2
-0.520119196278278,0.0019850541339190464,2
-0.5171602385153115,0.0029589577629665458,2
-0.5132495667778082,0.003910671737503216,2
-0.5084165016368438,0.004833065140964407,2
-0.5026972641848932,0.00571923745195061,2
-0.4961346853615021,0.006562578823391138,2
-0.4887778542444774,0.00735683111702474,2
-0.4806817053189137,0.008096148925563696,2
-0.471906545868637,0.00877515945027666,2
-0.4625175260899606,0.00938901977867641,2
-0.4525840562300128,0.009933469859947799,2
-0.44217917689530495,0.010404879334707864,2
-0.4313788905322624,0.010800286363042519,2
-0.42026146380977736,0.011117426722485033,2
-0.4089067120944698,0.011354751715307506,2
-0.39739527827572824,0.011511433818741609,2
-0.38580791876894593,0.011587359506782307,2
-0.37422480953668025,0.011583109232265697,2
-0.36272488439603606,0.011499925140644194,2
-0.3513852167481744,0.011339667647861673,2
-0.3402804542361868,0.011104762511987594,2
-0.3294823138096488,0.010798140426538008,2
-0.31905914237224575,0.010423171437403074,2
-0.3090755457506361,0.00998359662160963,2
-0.2995920862869983,0.009483459463637819,0
-0.2926650470532416,0.006927039233756732,0
-0.28833474553277816,0.004330301520463449,0
-0.2866260362403793,0.0017087092923988652,0
-0.28754865154227094,-0.000922615301891637,0
-0.29109734176813096,-0.0035486902258600405,0
-0.29725179916262834,-0.006154457394497409,0
-0.30597637402647443,-0.008724574863846073,0
-0.3172196150159561,-0.011243240989481639,0
-0.3309136884041197,-0.013694073388163624,0
-0.3469737522934138,-0.016060063889294075,0
-0.36529738004945567,-0.01832362775604185,0
-0.38576414090290245,-0.020466760853446803,0
-0.4082354527010445,-0.022471311798142025,0
-0.43255482004651263,-0.024319367345468128,0
-0.4585485587058802,-0.025993738659367566,0
-0.48602708318589494,-0.027478524480014754,0
-0.5147867990670969,-0.028759715881201936,0
-0.5446125970746474,-0.02982579800755045,0
-0.5752808957924841,-0.03066829871783673,0
-0.6065631297505324,-0.03128223395804833,0
-0.6382295355026696,-0.031666405752137215,0
-0.670053056200808,-0.03182352069813843,0
-0.7018131696271684,-0.03176011342636045,0
-0.7332994479342246,-0.031486278307056144,0
-0.7643146789274189,-0.031015230993194285,0
-0.7946774153939988,-0.03036273646657998,0
-0.8242238655111849,-0.02954645011718601,0
-0.8528090875834474,-0.028585222072262557,0
-0.8803075002749245,-0.027498412691477098,0
-0.9066127602751495,-0.026305260000224914,0
-0.931637089846167,-0.025024329571017488,1
-0.9543101557068329,-0.02267306586066585,2
-0.9735796608412376,-0.019269505134404726,0
-0.9914098889820334,-0.017830228140795868,0
-1.0077750484335555,-0.01636515945152208,0
-1.0226576715196123,-0.014882623086056883,0
-1.036047066360412,-0.013389394840799736,0
-1.0479378598205442,-0.01189079346013213,0
-1.0583286594463135,-0.010390799625769257,2
-1.0652208528352307,-0.006892193388917205,2
-1.0686166997771762,-0.0033958469419456076,2
-1.068517706217616,9.899355956015377e-05,2
-1.064923824591345,0.003593881626270989,2
-1.0578334771157238,0.007090347475621185,2
-1.0472444021649852,0.010589074950738712,2
-1.0331553272389404,0.014089074926044814,2
-1.0155684703054557,0.017586856933484628,2
-0.9944928594163023,0.021075610889153433,2
-0.9699484335529212,0.02454442586338109,2
-0.941970841310553,0.027977592242368125,2
-0.9106167854590557,0.031354055851497344,2
-0.8759696708198157,0.034647114639239925,2
-0.8381452053788103,0.03782446544100534,2
-0.7972964920449945,0.040848713333815755,2
-0.753618050805203,0.043678441239791456,2
-0.7073481551180685,0.04626989568713459,2
-0.6587688822053113,0.048579272912757245,2
-0.608203389929517,0.05056549227579432,2
-0.5560101540765853,0.052193235852931626,2
-0.502574215744829,0.05343593833175629,2
-0.4482958570805483,0.054278358664280685,2
-0.3935774787148756,0.0547183783656727,2
-0.33880971911767394,0.05476775959720163,2
-0.2843579728998612,0.054451746217812735,2
-0.23055040332343799,0.05380756957642322,2
-0.17766831851585038,0.05288208480758761,2
-0.12593944388855352,0.051728874627296854,2
-0.07553424838702266,0.05040519550153086,2
-0.026565141066887593,0.04896910732013507,1
0.019911901252675508,0.0464770423195631,0
0.06289340268890566,0.04298150143623015,2
0.10441927253953893,0.04152586985063328,2
0.14456680565889551,0.040147533119356565,2
0.1834457964429144,0.03887899078401889,2
0.22119391691581466,0.03774812047290028,1
0.2569725595460285,0.03577864263021385,1
0.2909580233288063,0.03398546378277786,0
0.32233691923112145,0.03137889590231514,1
0.35229640817062197,0.029959488939500525,2
0.38202693857475223,0.029730530404130234,2
0.41172731501731297,0.029700376442560728,2
0.4416043181192735,0.029877003101960512,1
0.4708725456870795,0.02926822756780599,1
0.49974697351443775,0.028874427827358263,1
-0.4740089752012058,0.0,2
-0.47337952829899965,0.0006294469022061264,2
-0.47212530253746054,0.0012542257615391177,2
-0.4702555953780797,0.0018697071593808674,2
-0.4677842566434261,0.002471338734653625,0
-0.4667295734276793,0.0010546832157468055,0
-0.46709934312573914,-0.00036976969805985107,0
-0.46889083246723157,-0.0017914893414924086,0
-0.47209079180193875,-0.003199959334707173,0
-0.4766755254873937,-0.0045847336854549885,0
-0.48261102240365067,-0.005935496916256933,0
-0.4898531533876529,-0.007242130984002242,0
-0.4983479444402031,-0.008494791052550209,0
-0.5080319356529179,-0.009683991212714831,0
-0.5188326357319488,-0.01080070007903094,0
-0.5306690806419742,-0.011836444910025359,0
-0.5434525022402711,-0.012783421598296962,0
-0.5570871089128551,-0.013634606672583982,0
-0.5714709753786448,-0.01438386646578968,0
-0.5864970333225337,-0.01502605794388886,0
-0.6020541487759309,-0.015557115453397252,0
-0.6180282666633399,-0.015974117887409003,0
-0.6343035981666125,-0.016275331503272705,0
-0.6507638229736514,-0.016460224807038938,0
-0.6672932764308747,-0.016529453457223193,0
-0.6837780913276025,-0.01648481489672782,0
-0.7001072655615144,-0.016329174233911857,0
-0.7161736301545059,-0.01606636459299154,0
-0.7318746967419868,-0.015701066587480987,0
-0.7471133693625744,-0.015238672620587656,0
-0.7617985116762567,-0.014685142313682186,0
-0.7758453671677031,-0.014046855491446509,0
-0.7891758360108778,-0.013330468843174723,0
-0.8017186177179093,-0.012542781707031481,0
-0.81340923320469,-0.011690615486780744,0
-0.8241899433225315,-0.01078071011784143,0
-0.8340095831793818,-0.00981963985685031,0
-0.842823332745939,-0.00881374956655722,0
-0.8505924444201677,-0.007769111674228691,0
-0.8572839475606469,-0.006691503140479156,0
-0.8628703486670698,-0.0055864011064229524,0
-0.8673293440567463,-0.0044589953896765205,0
-0.870643559714731,-0.0033142156579846617,1
-0.8718003306116988,-0.0011567708969678681,1
-0.8707952863811897,0.001005044230509055,2
-0.8666322226734351,0.004163063707754674,2
-0.8593270702631378,0.00730515241029728,2
-0.8489085897492186,0.0104184805139193,2
-0.8354195514753151,0.013489038273903447,2
-0.818918329374466,0.016501222100849134,2
-0.7994808029197024,0.019437526454763626,2
-0.7772024246500854,0.02227837826961696,2
-0.7522002738249244,0.025002150825161017,2
-0.7246148834429736,0.02758539038195074,2
-0.6946116037208426,0.030003279722131036,2
-0.6623812569741443,0.03223034674669835,2
-0.6281398536471768,0.034241403326967484,2
-0.5921271824351416,0.036012671212035184,2
-0.5546041609941511,0.03752302144099049,2
-0.5158489343411096,0.03875522665304159,2
-0.47615182626126096,0.03969710807984859,2
-0.43580936986979923,0.040342456391461744,2
-0.3951177487253281,0.040691621144471106,2
-0.35436605194658766,0.04075169677874047,2
-0.3138297727846415,0.04053627916194613,2
-0.27376495527339473,0.04006481751124681,2
-0.23440332251183615,0.03936163276155856,2
-0.19594861558165713,0.038454706930179015,2
-0.1585742517443376,0.03737436383731955,2
-0.12242229277107755,0.03615195897326005,2
-0.08760361430065709,0.03481867847042046,2
-0.054199094701233644,0.03340451959942345,2
-0.02226160050015155,0.03193749420108209,2
0.008181466891141395,0.030443067391292947,2
0.037125287279136554,0.028943820387995162,2
0.06458459737350061,0.027459310094364052,2
0.09059068651519067,0.026006089141690066,2
0.11518853385835354,0.02459784734316286,2
0.13843417115772652,0.02324563729937299,2
0.16039232268650666,0.021958151528780143,2
0.1811343471922665,0.020742024505759838,2
0.20073648646762673,0.019602139275360215,2
0.21927841062604067,0.018541924158413943,2
0.2368420406963584,0.017563630070317717,2
0.25351062369942107,0.016668583003062665,2
0.26936803297541057,0.015857409275989512,2
0.284498266326949,0.015130233351538482,2
0.2989851158113679,0.014486849484418867,2
0.312911985191438,0.013926869380070109,2
0.32636183371428196,0.013449848522843973,2
0.3394172277305377,0.013055394016255708,2
0.35216048448327586,0.012743256752738158,2
0.36467389505415515,0.012513410570879274,2
0.3770400158698397,0.012366120815684535,2
0.38934202029600556,0.012302004426165865,2
0.401664103650559,0.012322083354553435,2
0.4140919364317972,0.012427832781238211,2
0.426713161660111,0.012621225228313758,2
0.43961793294337526,0.0129047712832643,2
0.45289949014972286,0.013281557206347595,2
0.4666547693361056,0.013755279186382774,1
0.47998504273384957,0.013330273397743928,1
0.4929891456387785,0.013004102904928927,1
-0.4795889253350577,0.0,2
-0.47891804108374825,0.0006708842513094739,2
-0.4775812597515238,0.001336781332224435,2
-0.47558851455097995,0.0019927452005438677,2
-0.47295460264090816,0.0026339119100717828,2
-0.4696990624083481,0.003255540232560075,2
-0.46584601070770537,0.0038530517006427067,0
-0.4634239409343611,0.002422069773344274,0
-0.4624507351078179,0.0009732058265431811,0
-0.46293357173650673,-0.00048283662868879866,0
-0.46486888982895735,-0.0019353180924506384,0
-0.468242406674494,-0.0033735168455366832,0
-0.47302919057868925,-0.004786783904195218,0
-0.47919379318554667,-0.00616460260685742,0
-0.48669044900830083,-0.007496655822754173,0
-0.4954633520060246,-0.008772902997723757,0
-0.5054470202092631,-0.009983668203238562,0
-0.5165667593044198,-0.011119739095156629,0
-0.528739234609928,-0.012172475305508289,0
-0.5418731580009536,-0.013133923391025589,0
-0.5558700921699824,-0.013996934169028849,0
-0.5706253693839964,-0.014755277214014092,0
-0.5860291159733604,-0.015403746589363889,0
-0.6019673676214095,-0.015938251648049045,0
-0.6183232546370734,-0.016355887015663973,0
-0.6349782313161414,-0.016654976679067998,0
-0.6518133197127336,-0.016835088396592195,0
-0.6687103360295228,-0.016897016316789196,0
-0.6855530676208157,-0.016842731591292917,0
-0.7022283703355181,-0.01667530271470243,0
-0.7186271594723899,-0.01639878913687172,0
-0.7346452726785996,-0.016018113206209668,0
-0.7501841892707157,-0.015538916592116201,0
-0.7651515972003208,-0.014967407929605055,0
-0.7794618057171835,-0.014310208516862717,0
-0.7930360082355195,-0.013574202518335937,0
-0.8058024056012602,-0.012766397365740647,0
-0.8176962046186901,-0.01189379901742991,0
-0.8286595101711447,-0.010963305552454672,0
-0.8386411315240274,-0.009981621352882698,0
-0.847596324486185,-0.008955192962157653,0
-0.855486491155453,-0.00789016666926797,0
-0.8622788581572361,-0.006792367001783062,0
-0.8679461527903701,-0.005667294633133987,0
-0.8724662945073144,-0.0045201417169442315,0
-0.8758221168410767,-0.0033558223337623594,1
-0.8770011323841811,-0.001179015543104425,1
-0.875999006190889,0.0010021261932921,2
-0.8718194210912165,0.004179585099672538,2
-0.864477948957047,0.007341472134169502,2
-0.8540027632111166,0.010475185745930446,2
-0.8404358515747895,0.013566911636327051,2
-0.8238346580106546,0.016601193564134954,2
-0.8042740479614292,0.019560610049225356,2
-0.7818484535405483,0.022425594420880872,2
-0.7566740172251675,0.025174436315380903,2
-0.7288905176699962,0.02778349955517118,2
-0.6986628352079612,0.030227682462034958,2
-0.6661817045150288,0.032481130692932444,2
-0.6316635151419057,0.034518189373123113,2
-0.5953489630613354,0.03631455208057017,2
-0.557500430442914,0.03784853261842147,2
-0.5183980735306557,0.03910235691225824,2
-0.47833472030144325,0.04006335322921245,2
-0.4376098051395589,0.040724915161884354,2
-0.3965226781413257,0.04108712699823317,2
-0.3553657032956149,0.041156974845710764,2
-0.31441758890180005,0.04094811439381483,2
-0.2739373697865872,0.040480219115212844,2
-0.23415938860060687,0.039777981185980374,2
-0.19528951581991016,0.0388698727806967,2
-0.15750272343949076,0.0377867923804194,2
-0.12094200498171515,0.03656071845777562,2
-0.08571853041282154,0.0352234745688936,2
-0.0519128491188239,0.03380568129399764,2
-0.019576910935610918,0.03233593818321298,2
0.011263337632124643,0.03084024856773556,2
0.04060501327028529,0.029341675638160643,2
0.06846521461291522,0.02786020134262992,2
0.09487796503604305,0.02641275042312784,2
0.11989130415552005,0.025013339119476986,2
0.14356461415961372,0.02367331000409367,2
0.1659662334431293,0.022401619283515594,2
0.18717138262561844,0.021205149182489128,2
0.20726040719400746,0.020089024568389013,2
0.22631732622808218,0.019056919034074717,2
0.2444286670619076,0.018111340833825422,2
0.2616825602738399,0.017253893211932297,2
0.27816806706987773,0.016485506796037806,2
0.2939747110307522,0.01580664396087443,2
0.3091921875879439,0.015217476557191724,2
0.3239102268940188,0.014718039306074895,2
0.33821858852135384,0.014308361627334985,2
0.35220716934683777,0.01398858082548391,2
0.3659662088418328,0.01375903949499501,2
0.3795865786416623,0.013620369799829512,2
0.39316014562157015,0.013573566979907881,2
0.4067801996911544,0.013620054069584267,2
0.4205419390856917,0.013761739394537271,2
0.43454300703029763,0.01400106794460594,2
0.4488840742202226,0.014341067189924974,2
0.4636694615144769,0.014785387294254345,1
0.47800779646442215,0.014338334949945243,1
0.4920052641528946,0.013997467688472437,1
-0.5071438784163138,0.0,2
-0.5062672400281719,0.000876638388141908,2
-0.504520529596283,0.0017467104318888936,2
-0.5019168279011926,0.0026037016950904014,2
-0.4984756261687232,0.003441201732469418,2
-0.4942226697158865,0.004252956452836677,2
-0.48918974897730194,0.005032920738584561,2
-0.483414437861579,0.005775311115722942,2
-0.47693977980897184,0.0064746580526071585,2
-0.4698139225741921,0.007125857234779787,2
-0.4620897036337061,0.007724218940485957,2
-0.45382418918409595,0.008265514449610156,2
-0.4450781709041495,0.00874601827994649,2
-0.43591562592667626,0.009162544977473206,2
-0.42640314672164953,0.009512479205026726,2
-0.41660934873866584,0.009793797982983663,2
-0.40660426460375465,0.010005084134911212,2
-0.39645873433260503,0.010145530271149637,2
-0.3862438013456829,0.010214932986922082,2
-0.37603012400996405,0.01021367733571887,2
-0.36588741197361613,0.010142712036347945,2
-0.35588389571876444,0.010003516254851682,2
-0.3460858365751789,0.009798059143585561,2
-0.336557082978943,0.009528753596235902,2
-0.327358677106451,0.009198405872491999,2
-0.31854851425669883,0.008810162849752182,2
-0.31018105558723114,0.008367458669467705,2
-0.3023070931197929,0.007873962467438224,2
-0.29497356439837863,0.007333528721414286,0
-0.2902234128675185,0.004750151530860142,0
-0.2880840466358716,0.0021393662316469037,0
-0.2885677032217677,-0.0004836565858961205,0
-0.2916716218625706,-0.003103918640802874,0
-0.2973780041236416,-0.005706382261070986,0
-0.3056537671695541,-0.008275763045912501,0
-0.31645011758894226,-0.01079635041938816,0
-0.3297019965078595,-0.013251878918917196,0
-0.3453274680697616,-0.01562547156190216,0
-0.36322714201676587,-0.017899673947004237,0
-0.38328373546286987,-0.020056593446103985,0
-0.40536188703348586,-0.022078151570616017,0
-0.4293083362475887,-0.023946449214102807,0
-0.4549525704651907,-0.025644234217602042,0
-0.4821080197623317,-0.02715544929714099,0
-0.510573846812225,-0.02846582704989323,0
-0.5401373359712011,-0.02956348915897608,0
-0.5705768368126612,-0.030439500841460146,0
-0.6016651674111041,-0.031088330598442883,0
-0.633173337765644,-0.03150817035453987,0
-0.6648744198247317,-0.031701082059087754,0
-0.6965473724124984,-0.0316729525877667,0
-0.7279806295955074,-0.031433257183008934,0
-0.7589752795900996,-0.030994649994592213,0
-0.789347695421339,-0.030372415831239345,0
-0.8189315233193903,-0.029583827898051376,0
-0.8475789842715884,-0.028647460952198105,0
-0.8751614922378924,-0.027582507966303987,0
-0.901569634273458,-0.026408142035565595,0
-0.9267125898050745,-0.02514295553161654,1
-0.9495170870488134,-0.022804497243738925,2
-0.9689281599125279,-0.019411072863714414,0
-0.9869078353042113,-0.017979675391683457,0
-1.0034282914007364,-0.01652045609652499,0
-1.0184702687148217,-0.015041977314085197,0
-1.0320215244225173,-0.013551255707695477,0
-1.0440753706903112,-0.012053846267793985,0
-1.0546293266224285,-0.010553955932117255,2
-1.0616839038807748,-0.007054577258346405,2
-1.0652408416297252,-0.0035569377489503055,2
-1.065301441038185,-6.0599408459609174e-05,2
-1.0618657267371805,0.003435714301004422,2
-1.0549324325435678,0.006933294193612563,2
-1.0444998113891357,0.010432621154432182,2
-1.0305672721095074,0.01393253927962831,2
-1.0131378435541112,0.017429428555396177,2
-0.992221454364372,0.020916389189739128,2
-0.9678389898464749,0.024382464517897145,2
-0.9400270413508346,0.027811948495640327,2
-0.9088431957120778,0.031183845638756785,2
-0.8743716228460316,0.03447157286604615,2
-0.8367286136491592,0.03764300919687249,2
-0.7960676097205377,0.04066100392862152,2
-0.7525831707076717,0.043484439012866014,2
-0.706513270725623,0.04606989998204871,2
-0.6581393317258954,0.048373938999727514,2
-0.6077835138296668,0.05035581789622866,2
-0.5558030010337492,0.05198051279591756,2
-0.5025813321149168,0.05322166891883244,2
-0.4485171895968794,0.05406414251803743,2
-0.394011409439109,0.05450578015777039,2
-0.3394532372257934,0.05455817221331561,2
-0.2852069723859604,0.05424626483983303,2
-0.2316000821892314,0.053606890196728985,2
-0.17891364600664628,0.05268643618258513,2
-0.1273756591350478,0.05153798687159847,2
-0.07715735625359921,0.0502183028814486,2
-0.028372377726088797,0.04878497852751041,1
0.017921651493092675,0.04629402921918147,0
0.06071929317985665,0.042797641686763976,2
0.1020582971710487,0.04133900399119205,2
0.14201356745620308,0.03995527028515437,2
0.1806923149002027,0.038678747443999635,2
0.21822946484380162,0.03753714994359892,1
0.2537835205200296,0.035554055676227964,1
0.2875278138983932,0.03374429337836361,0
0.31864591364918654,0.03111809975079333,1
0.3483219058670002,0.029675992217813647,2
0.37774306914052275,0.02942116327352257,2
0.4071048897793045,0.029361820638781712,2
0.43661068330665687,0.029505793527352414,1
0.46547144608467117,0.028860762778014325,1
0.4938984600324407,0.02842701394776951,1
-0.4526273575615436,0.0,0
-0.4541556306645769,-0.0015282731030333506,0
-0.45720096813089256,-0.0030453374663156115,0
-0.4617410025134853,-0.00454003438259276,0
-0.46774231199493904,-0.006001309481453746,0
-0.47516058717709586,-0.007418275182156809,0
-0.4839408715761093,-0.008780284399013457,0
-0.49401788906737315,-0.010077017491263836,0
-0.5053164721258079,-0.01129858305843471,0
-0.517752103724969,-0.012435631599161187,0
-0.5312315831147884,-0.013479479389819297,0
-0.5456538214508143,-0.014422238336025923,0
-0.5609107676079566,-0.015256946157142197,0
-0.5768884578423737,-0.015977690234417214,0
-0.5934681757652666,-0.0165797179228928,0
-0.6105277019585759,-0.017059526193309294,0
-0.627942626132727,-0.017414924174151133,0
-0.645587689610398,-0.017645063477671006,0
-0.6633381226274625,-0.017750433017064426,0
-0.6810709398184445,-0.01773281719098193,0
-0.6986661584364084,-0.017595218617963967,0
-0.7160079072584198,-0.017341748822011394,0
-0.7329853994484313,-0.016977492190011555,0
-0.7494937494211127,-0.016508349972681403,0
-0.7654346213970857,-0.015940871975973016,0
-0.7807167052513464,-0.015282083854260718,0
-0.7952560228557328,-0.014539317604386419,0
-0.8089760749179098,-0.013720052062177005,0
-0.8218078439676061,-0.01283176904969633,0
-0.8336896734254501,-0.011881829457844027,0
-0.8445670455420271,-0.010877372116577043,0
-0.8543922824678093,-0.00982523692578217,0
-0.8631241949534414,-0.008731912485632093,0
-0.8707277023877726,-0.007603507434331263,0
-0.8771734462869472,-0.006445743899174468,0
-0.8824374171787254,-0.005263970891778168,0
-0.886500612286068,-0.004063195107342654,1
-0.8883487386706574,-0.0018481263845894409,1
-0.8879754040222801,0.0003733346483773192,2
-0.884381894135281,0.0035935098869990852,2
-0.8775807275236974,0.00680116661158355,2
-0.8675962981501492,0.009984429373548213,2
-0.8544660610315731,0.013130237118576079,2
-0.8382421970146031,0.01622386401696996,2
-0.818993658297461,0.0192485387171422,2
-0.7968084579075562,0.02218520038990484,2
-0.7717960257492142,0.025012432158341903,2
-0.7440894144542155,0.027706611294998688,2
-0.7138471056841242,0.03024230877009123,2
-0.6812541491466593,0.03259295653746496,2
-0.6465223706382162,0.03473177850844315,2
-0.6098894193087424,0.03663295132947371,2
-0.571616492394015,0.038272926914727445,2
-0.5319846768497972,0.03963181554421784,2
-0.49128997368038474,0.04069470316941246,2
-0.4498372072880292,0.04145276639235556,2
-0.4079331488529505,0.04190405843507864,2
-0.36587927845958745,0.04205387039336305,2
-0.3239646581474039,0.041914620312183556,2
-0.2824593783495499,0.04150527979785396,2
-0.24160897512912677,0.04085040322042316,2
-0.20163010736536577,0.039978867763761,2
-0.16270765078489868,0.0389224565804671,2
-0.12499323093178633,0.03771441985311235,2
-0.0886050987279031,0.03638813220388322,2
-0.053629163140334675,0.03497593558756843,2
-0.02012094130622292,0.03350822183411176,2
0.011891833733244546,0.032012775039467464,2
0.042406199530714964,0.030514365797470414,2
0.07144076877223121,0.029034569241516248,2
0.09903253612861507,0.02759176735638385,2
0.12523382803631075,0.026201291907695684,2
0.15010949379742486,0.02487566576111411,2
0.17373439911930927,0.023624905321884417,2
0.1961912526742212,0.02245685355491193,2
0.2175687728812806,0.021377520207059415,2
0.2379601854434038,0.020391412562123217,2
0.2574620312687742,0.019501845825370383,2
0.2761732581353574,0.01871122686658322,2
0.29419456668887733,0.01802130855351992,2
0.31162798108822376,0.017433414399346432,2
0.32857661598377774,0.016948634895553958,2
0.3451446138660184,0.016567997882240667,2
0.3614372296468344,0.016292615780815985,2
0.3775610422599302,0.016123812613095794,2
0.3936242758168277,0.01606323355689746,2
0.4097372152290719,0.01611293941224422,2
0.42601270304557987,0.016275487816507967,2
0.4425667054140781,0.016554002368498234,2
0.45951893540972555,0.01695222999564741,1
0.4759935213098426,0.016474585900117095,1
0.4921122802819452,0.016118758972102576,1
-0.5179981278517231,0.0,2
-0.5170401307334846,0.0009579971182384393,2
-0.5151313202778819,0.0019088104556028054,2
-0.512286008907551,0.0028453113703308637,2
-0.5085255270006668,0.003760481906884232,2
-0.5038780559345015,0.004647471066165233,2
-0.49837840399879485,0.005499651935706663,2
-0.4920677244309242,0.006310679567870622,2
-0.48499317523508306,0.007074549195841189,2
-0.4772075211791626,0.007785654055920466,2
-0.46876867940891065,0.008438841770251955,2
-0.4597392114410665,0.009029467967844177,2
-0.45018576582742753,0.00955344561363898,2
-0.4401784774261407,0.010007288401286812,2
-0.4297903308617777,0.010388146564362984,2
-0.4190964972788519,0.010693833582925782,2
-0.40817365477209133,0.01092284250676056,2
-0.3970993038008244,0.011074350971266914,2
-0.38595108937677325,0.011148214424051155,2
-0.37480614179816485,0.01114494757860839,2
-0.3637404471689839,0.011065694629180937,2
-0.3528282579096875,0.010912189259296401,2
-0.34214155199063107,0.010686705919056464,2
-0.33174954778851945,0.01039200420211163,2
-0.3217182793884457,0.01003126840007371,2
-0.31211023495072493,0.009608044437720807,2
-0.30298405855558735,0.009126176395137554,2
-0.2943943138445507,0.008589744711036637,0
-0.28839130589358414,0.0060030079509665706,0
-0.28500956728750343,0.00338173860608072,0
-0.28426832081111725,0.0007412464763861745,0
-0.2861717574322918,-0.0019034366211745147,0
-0.29070909889965785,-0.004537341467366044,0
-0.29785443820451396,-0.007145339304856113,0
-0.30756637522295804,-0.009711937018444071,0
-0.31978748855068423,-0.012221113327726206,0
-0.33444370720902494,-0.014656218658340731,0
-0.35144366654526893,-0.016999959336243965,0
-0.3706781498399148,-0.019234483294645912,0
-0.392019728994597,-0.021341579154682194,0
-0.41532272204044307,-0.023302993045846015,0
-0.4404235799299913,-0.02510085788954823,0
-0.4671417984865058,-0.026718218556514472,0
-0.4952814228308694,-0.02813962434436361,0
-0.5246331719604638,-0.02935174912959434,0
-0.5549771631297932,-0.03034399116932936,0
-0.5860861638103548,-0.031109000680561705,0
-0.6177292491799325,-0.031643085369577696,0
-0.6496757016893556,-0.031946452509423094,0
-0.6816989620085223,-0.032023260319166705,0
-0.7135804315082507,-0.031881469499728345,0
-0.7451129367174917,-0.031532505209240995,0
-0.7761036943251493,-0.03099075760765753,0
-0.806376657119781,-0.030272962794631764,0
-0.8357741709241837,-0.029397513804402677,0
-0.8641579236834307,-0.02838375275924695,0
-0.8914092145929092,-0.027251290909478566,0
-0.917428609145942,-0.026019394553032836,0
-0.9421350727632295,-0.024706463617287493,1
-0.9644646906513433,-0.022329617888113877,2
-0.9833709172209751,-0.018906226569631812,0
-1.0008228346225359,-0.017451917401560817,0
-1.0167989074359252,-0.01597607281338924,0
-1.0312853689187202,-0.014486461482795181,0
-1.0442746783330163,-0.012989309414296107,0
-1.0557640838575366,-0.011489405524520276,0
-1.0657543149232889,-0.009990231065752317,2
-1.0722484189652817,-0.006494104041992757,2
-1.0752495795773243,-0.003001160612042634,2
-1.074759587774119,0.0004899918032053611,2
-1.070778137343736,0.003981450430383022,2
-1.063302939800524,0.007475197543211908,2
-1.0523306597545312,0.010972280045992794,2
-1.0378586761267197,0.014471983627811552,2
-1.0198876735988411,0.017971002527878567,2
-0.9984250569594681,0.021462616639373024,2
-0.9734891536179031,0.024935903341565,2
-0.9451141220732779,0.028375031544625177,2
-0.9133554136427383,0.03175870843053965,2
-0.8782955414418507,0.03505987220088755,2
-0.840049799712058,0.038245741729792816,2
-0.7987714604129577,0.04127833929910028,2
-0.7546558730810742,0.04411558733188346,2
-0.7079428361893647,0.04671303689170951,2
-0.6589166247189998,0.04902621147036487,2
-0.6079031757767024,0.05101344894229741,2
-0.5552641629803499,0.05263901279635256,2
-0.5013880168137841,0.05387614616656582,2
-0.44667832809963204,0.05470968871415207,2
-0.39154043626296575,0.055137891836666314,2
-0.3363672755775376,0.055173160685428144,2
-0.2815256676632766,0.054841607914261035,0
-0.2293441787806207,0.052181488882655905,2
-0.1780939321110885,0.05125024666953218,2
-0.12799527188424853,0.05009866022683999,2
-0.07921455876282707,0.048780713121421466,2
-0.03186358409667741,0.04735097466614966,1
0.012998803864568274,0.044862387961245684,1
0.05536309248507789,0.042364288620509616,2
0.09626178397104884,0.04089869148597095,2
0.13576399920734877,0.039502215236299924,2
0.1739707222092563,0.038206723001907535,2
0.21101027652091214,0.03703955431165585,1
0.24603423532642194,0.035023958805509785,1
0.27920882775382244,0.033174592427400486,0
0.3097103492637504,0.03050152150992797,2
0.3397155449588978,0.03000519569514739,2
0.36941050835438344,0.02969496339548564,2
0.39898985964673767,0.02957935129235423,2
0.42865625954613673,0.02966639989939909,2
0.4586201795663003,0.02996392002016358,1
0.4880998407374033,0.029479661171103035,1
-0.5014889014133453,0.0,2
-0.5006546039027046,0.0008342975106407809,2
-0.4989922518275447,0.0016623520751598794,2
-0.4965142811150202,0.0024779707125245,2
-0.4932392206657502,0.0032750604492700337,2
-0.4891915422061183,0.004047678459631873,2
-0.4844014599917209,0.004790082214397431,2
-0.4789046805936181,0.005496779398102769,2
-0.4727421034191596,0.00616257717445849,2
-0.46595947323015163,0.006782630189008013,2
-0.458606986715032,0.007352486515119642,2
-0.4507388561209444,0.00786813059408757,2
-0.44241283401018006,0.008326022110764312,2
-0.43368970431192977,0.008723129698250261,2
-0.4246327459222408,0.00905695838968896,2
-0.4153071760849305,0.009325569837310317,2
-0.4057795815878708,0.009527594497059703,2
-0.39611734636468277,0.009662235223188022,2
-0.38638808434814514,0.009729262016537607,2
-0.3766590863447579,0.009728998003387212,2
-0.3669967892789368,0.00966229706582113,2
-0.35746627540315207,0.009530513875784742,2
-0.3481308080225702,0.009335467380581877,2
-0.33905140899445146,0.009079399028118716,2
-0.330286481803274,0.008764927191177418,2
-0.3218914824604375,0.008394999342836527,2
-0.31391863891287,0.00797284354756748,2
-0.3064167181446626,0.007501920768207401,2
-0.299430838788,0.00698587935666264,0
-0.2950023258797092,0.004428512908290778,0
-0.2931570232248522,0.001845302654857021,0
-0.29390561737554166,-0.0007485941506894722,0
-0.2972437789290766,-0.0033381615535349406,0
-0.3031521047601202,-0.005908325831043591,0
-0.3115958678428306,-0.008443763082710361,0
-0.3225246041930002,-0.010928736350169617,0
-0.3358715885250542,-0.013346984332053993,0
-0.3515532706045044,-0.015681682079450216,0
-0.36946876176256704,-0.01791549115806261,0
-0.3894994740196469,-0.02003071225707984,0
-0.4115090208335541,-0.022009546813907207,0
-0.43534348667498235,-0.02383446584142821,0
-0.46083216076828143,-0.025488674093299062,0
-0.4877888075188773,-0.026956646750595874,0
-0.5160135127162997,-0.0282247051974224,0
-0.545295102475657,-0.02928158975935738,0
-0.5754140846567539,-0.03011898218109691,0
-0.606146015175055,-0.030731930518300997,0
-0.6372651499298827,-0.03111913475482777,0
-0.6685482125512163,-0.031283062621333645,0
-0.6997780930870975,-0.031229880535881157,0
-0.7307472952819907,-0.03096920219489316,0
-0.7612609698208345,-0.030513674538843835,0
-0.7911394049321328,-0.02987843511129826,0
-0.8202198892681546,-0.02908048433602183,0
-0.8483579092905295,-0.028138020022374824,0
-0.8754276888812059,-0.027069779590676513,0
-0.9013221179762961,-0.02589442909509026,0
-0.9259521466563018,-0.024630028680005585,1
-0.9482457400294814,-0.0222935933731796,2
-0.9671486807846276,-0.01890294075514618,0
-0.9846233637534314,-0.017474682968803855,0
-1.0006419672161935,-0.016018603462762022,0
-1.0151849145697056,-0.014542947353512041,0
-1.028239382164766,-0.01305446759506038,0
-1.0397978920569586,-0.01155850989219272,0
-1.0498570179171034,-0.010059125860144682,2
-1.0564162233454124,-0.0065592054283090265,2
-1.0594763847818423,-0.003060161436429818,2
-1.0590382421862186,0.000438142595623788,2
-1.0551016766968342,0.003936565489384288,2
-1.0476658140205168,0.007435862676317365,2
-1.0367299538109873,0.010935860209529458,2
-1.022295326169357,0.014434627641630296,2
-1.0043676716428185,0.01792765452653864,2
-0.9829606257236135,0.021407045919204958,2
-0.9580998581207278,0.02486076760288568,2
-0.9298278670544027,0.0282719910663252,2
-0.8982092574012812,0.03161860965312149,2
-0.8633362399359511,0.034873017465330065,2
-0.8253339835930706,0.038002256342880444,2
-0.7843653468769495,0.04096863671612112,2
-0.7406344290214572,0.04373091785549232,2
-0.694388342996199,0.0462460860252582,2
-0.645916649102791,0.04847169389340802,2
-0.5955480213706681,0.05036862773212295,2
-0.5436439547113279,0.05190406665934023,2
-0.49058963980355436,0.053054314907773494,2
-0.4367824889854748,0.05380715081807959,2
-0.3826191239164687,0.05416336506900608,2
-0.32848186438631055,0.054137259530158154,2
-0.2747258342542307,0.05375603013207987,2
-0.2216677063710379,0.0530581278831928,2
-0.16957686563896351,0.05209084073207438,2
-0.11866943365193505,0.05090743198702846,2
-0.06910524050626252,0.049564193145672536,2
-0.020987514747964085,0.04811772575829843,1
0.024635164725988194,0.04562267947395228,1
0.0677646686204178,0.04312950389442961,2
0.10944565540485827,0.041680986784440474,2
0.14976019236540225,0.04031453696054398,2
0.18882282984226773,0.03906263747686548,2
0.22677596372531716,0.03795313388304945,1
0.26278568135518887,0.036009717629871686,1
0.29703287037429665,0.0342471890191078,0
0.3287086645252868,0.03167579415099016,1
0.3590046474134044,0.030295982888117568,2
0.3891157307117587,0.03011108329835433,2
0.4192453318024966,0.0301296010907379,2
0.44960500374404055,0.030359671941543917,1
0.4794142687998904,0.029809265055849844,1
-0.5354201936497978,0.0,2
-0.5343315515981866,0.001088642051611212,2
-0.5321624276346251,0.0021691239635615524,2
-0.5289290833458409,0.003233344288784197,2
-0.524655763452692,0.004273319893148794,2
-0.5193745161639203,0.00528124728877172,2
-0.5131249499728968,0.006249566191023509,2
-0.5059539245485712,0.007171025424325523,2
-0.4979151737132101,0.008038750835361127,2
-0.4890688593496915,0.008846314363518579,2
-0.4794810564378959,0.009587802911795599,2
-0.4692231712332001,0.010257885204695762,2
-0.458371296773401,0.010851874459799123,2
-0.44700551229485974,0.011365784478541273,2
-0.4352091355834314,0.011796376711428377,2
-0.42306793959170397,0.01214119599172741,2
-0.4106693466307445,0.012398592960959463,2
-0.39810161491834406,0.012567731712400446,2
-0.3854530330974126,0.012648581820931502,2
-0.3728111384371512,0.012641894660261383,2
-0.36026197376350905,0.012549164673642145,2
-0.34788939676302716,0.012372577000481907,2
-0.33577445325195937,0.012114943511067807,2
-0.3239948234349715,0.011779629816987857,2
-0.3126243472627904,0.011370476172181093,2
-0.3017326319205679,0.01089171534222258,2
-0.29138474142243087,0.010347890498137011,0
-0.28364096542051803,0.007743776001912816,0
-0.27854541319620507,0.005095552224312954,0
-0.2761266257335355,0.0024187874626695354,0
-0.27639801430406835,-0.0002713885705328185,0
-0.27935807857919437,-0.0029600642751260453,0
-0.2849903818403164,-0.005632303261122036,0
-0.2932632858069792,-0.008272903966662814,0
-0.30412947251160427,-0.010866186704625106,0
-0.3175253050565761,-0.01339583254497186,0
-0.33337010228307745,-0.01584479722650135,0
-0.35156542321599926,-0.018195320932921803,0
-0.371994473955315,-0.020429050739315703,0
-0.39452176030939157,-0.022527286354076585,0
-0.41899311148886786,-0.024471351179476287,0
-0.44523619130655495,-0.026243079817687084,0
-0.47306159193810565,-0.027825400631550715,0
-0.5022645710514851,-0.02920297911337947,0
-0.5326274474812887,-0.030362876429803527,0
-0.5639226171515478,-0.03129516967025911,0
-0.5959160951000231,-0.031993477948475256,0
-0.6283714379534235,-0.03245534285340042,0
-0.6610538609473364,-0.03268242299391294,0
-0.6937343403499063,-0.03268047940256988,0
-0.7261934893857812,-0.03245914903587488,0
-0.7582250138440332,-0.03203152445825193,0
-0.7896385897059716,-0.03141357586193833,0
-0.8202620540027664,-0.03062346429679487,0
-0.849942854925442,-0.029680800922675502,0
-0.8785487610571044,-0.02860590613166248,0
-0.9059678766349313,-0.027419115577826836,0
-0.9321080459810183,-0.02614016934608697,1
-0.9558957538081502,-0.02378770782713194,2
-0.9762766569892799,-0.02038090318112973,2
-0.9932139319840412,-0.016937274994761244,0
-1.0086839204842626,-0.015469988500221472,0
-1.0226705775509346,-0.013986657066671924,0
-1.035163999254623,-0.012493421703688572,0
-1.0461590498530833,-0.010995050598460114,0
-1.0556541125844903,-0.009495062731407006,2
-1.0616499797988406,-0.005995867214350322,2
-1.064148196462895,-0.0024982166640544696,2
-1.0631496448296673,0.0009985516332276872,2
-1.058653955429641,0.004495689400026207,2
-1.0506597424377502,0.007994212991890882,2
-1.0391656642957892,0.011494078141961059,2
-1.0241723118697954,0.01499335242599383,2
-1.0056849213911572,0.01848739047863823,2
-0.9837168929755162,0.021968028415640925,2
-0.9582940628889745,0.025422830086541778,2
-0.9294596250456749,0.028834437843299563,2
-0.8972795225372052,0.03218010250846966,2
-0.8618480349306137,0.03543148760659156,2
-0.823293178705538,0.03855485622507565,2
-0.7817814307447429,0.04151174796079503,2
-0.7375212001317704,0.044260230612972566,2
-0.6907644394420839,0.04675676068968644,2
-0.6418058319159363,0.04895860752614756,2
-0.5909791365630356,0.050826695352900714,2
-0.5386505230161263,0.05232861354690929,2
-0.4852090597227365,0.053441463293389765,2
-0.43105488322215046,0.05415417650058604,2
-0.37658590368677414,0.05446897953537633,2
-0.32218412146258557,0.054401782224188566,2
-0.2682026894165519,0.05398143204603365,2
-0.21495474161600736,0.053247947800544544,2
-0.1627047472839288,0.052249994332078546,2
-0.11166279989150821,0.05104194739242059,2
-0.061981887807583805,0.0496809120839244,2
-0.013757880372754196,0.04822400743482961,0
0.030968256151619224,0.04472613652437342,1
0.0732051740378864,0.04223691788626717,2
0.11400213871999709,0.040796964682110685,2
0.15344389426595617,0.039441755545959085,2
0.19164588681619257,0.0382019925502364,2
0.22874981385841175,0.03710392704221918,1
0.26391967101348307,0.035169857155071337,1
0.29733304140171934,0.033413370388236295,0
0.32817676852258715,0.03084372712086779,1
0.3576373595516772,0.029460591029090034,2
0.38690403128076606,0.02926667172908889,2
0.4161739865639424,0.029269955283176333,2
0.4456521302096768,0.029478143645734433,1
0.4745509872294715,0.02889885701979464,1
-0.5786451216241568,0.0,2
-0.5772341479263713,0.0014109736977855523,2
-0.5744226425173441,0.0028115054090271587,2
-0.5702314333061022,0.0041912092112419705,2
-0.564691618881678,0.005539814424424177,2
-0.5578443881801844,0.006847230701493506,2
-0.549740766967906,0.008103621212278436,2
-0.5404412817458116,0.009299485222094322,2
-0.5300155314700321,0.010425750275779565,2
-0.5185416584975034,0.011473872972528623,2
-0.5061057124482523,0.012435946049251086,2
-0.49280090415962036,0.01330480828863193,2
-0.4787267514114058,0.01407415274821455,2
-0.4639881233304079,0.0147386280809979,2
-0.4486941959484807,0.015293927381927195,2
-0.4329573368350763,0.015736859113404365,2
-0.4168919415759905,0.016065395259085798,2
-0.40061324867480935,0.01627869290118118,2
-0.3842361618411563,0.016377086833653097,2
-0.3678741093517005,0.016362052489455783,2
-0.35163796913021694,0.01623614022148355,2
-0.33563508545963944,0.01600288367057753,2
-0.31996839903333885,0.015666686426300584,2
-0.3047357067201167,0.015232692313222143,2
-0.2900290613833656,0.014706645336751104,2
-0.2759343158151661,0.014094745568199531,2
-0.2625308087568301,0.013403507058335979,2
-0.2498911854534689,0.012639623303361202,0
-0.2400813405164107,0.009809844937058197,0
-0.23315060758607647,0.006930732930334218,0
-0.22913286270030428,0.004017744885772192,0
-0.22804736606175074,0.001085496638553546,0
-0.22989927325661125,-0.0018519071948605104,0
-0.2346797762733069,-0.004780503016695662,0
-0.24236586365912402,-0.007686087385817105,0
-0.2529197180184629,-0.010553854359338893,0
-0.26628779812252285,-0.013368080104059928,0
-0.2823996822518752,-0.016111884129352334,0
-0.30116677852004653,-0.018767096268171368,0
-0.3224810354350818,-0.02131425691503525,0
-0.34621380941527113,-0.02373277398018935,0
-0.3722150619647768,-0.026001252549505686,0
-0.40031306366058284,-0.028098001695806,0
-0.4303147709366063,-0.03000170727602347,0
-0.4620070117695651,-0.031692240832958775,0
-0.4951585667393783,-0.0331515549698132,0
-0.5295231645778005,-0.034364597838422196,0
-0.5648433318381249,-0.035320167260324435,0
-0.6008549536414125,-0.03601162180328771,0
-0.6372923276237911,-0.036437373982378514,0
-0.6738934373792335,-0.036601109755442444,0
-0.7104051437694248,-0.03651170639019133,0
-0.7465879970603649,-0.036182853290940224,0
-0.7822204091281498,-0.03563241206778485,0
-0.8171019869041077,-0.03488157777595795,0
-0.8510559059484962,-0.03395391904438849,0
-0.883930285111914,-0.032874379163417754,0
-0.915598598974953,-0.031668313863039046,0
-0.9459592260466504,-0.030360627071697382,0
-0.9749342729957828,-0.02897504694913247,2
-1.0004678375126006,-0.02553356451681786,1
-1.0235259280664957,-0.02305809055389503,2
-1.043090319861161,-0.01956439179466523,0
-1.0611549014336041,-0.018064581572443124,2
-1.075721674271651,-0.01456677283804705,2
-1.0867975948135178,-0.011075920541866693,2
-1.0943911364550407,-0.007593541641523031,2
-1.0985096926576887,-0.004118556202647911,2
-1.0991578109432447,-0.0006481182855560589,2
-1.0963362412968771,0.0028215696463675783,2
-1.0900417868648182,0.006294454432058987,2
-1.0802679548389462,0.009773832025871957,2
-1.067006416304979,0.013261538533967249,2
-1.050249290872326,0.016757125432653067,2
-1.0299922702114854,0.02025702066084059,2
-1.0062385790553972,0.02375369115608831,2
-0.9790037375849272,0.027234841470469978,2
-0.9483210308553178,0.030682706729609408,2
-0.9142475063911487,0.034073524464169065,2
-0.8768702115176183,0.037377294873530385,2
-0.8363122549252069,0.0405579565924115,2
-0.7927381484393689,0.043574106485838066,2
-0.7463577805559625,0.04638036788340634,2
-0.6974283262903591,0.04892945426560337,2
-0.6462534433556909,0.05117488293466825,2
-0.593179269250141,0.05307417410554988,2
-0.5385870229832109,0.05459224626693006,2
-0.4828824027366384,0.05570462024657253,2
-0.42648239647176384,0.056400006264874576,2
-0.3698005021246464,0.05668189434711745,2
-0.3132316015450946,0.05656890057955176,2
-0.2571377871169143,0.056093814428180296,0
-0.20383628784436345,0.05330149927255088,2
-0.15158174533761287,0.05225454250675059,2
-0.10057313522635715,0.05100861011125572,2
-0.05095159251034487,0.04962154271601228,2
-0.0028009008862687895,0.04815069162407608,0
0.04184987899405297,0.04465077988032176,1
0.08402033639558296,0.04217045740152998,2
0.1247697926411471,0.040749456245564135,2
0.16419234799701143,0.03942255535586435,2
0.2024121105866706,0.03821976258965917,2
0.23957880292318479,0.037166692336514186,1
0.27486389945615364,0.035285096532968865,1
0.3084518539238419,0.03358795446768824,0
0.3395359319032013,0.0310840779793594,1
0.36930863050228563,0.02977269859908434,2
0.39896503326334287,0.029656402761057257,2
0.42870831129553943,0.02974327803219656,2
0.4587494841164955,0.030041172820956075,1
0.48830734954132354,0.02955786542482802,1
-0.5623957697474089,0.0,2
-0.5611054488182875,0.0012903209291213749,2
-0.5585344210428642,0.002571027775423236,2
-0.5547018553511996,0.0038325656916645607,2
-0.5496363549172002,0.0050655004339994645,2
-0.5433757711663443,0.006260583750855868,2
-0.5359669469562964,0.007408824210047862,2
-0.5274653827443705,0.008501564211925931,2
-0.517934819629188,0.009530563115182545,2
-0.5074467341396562,0.010488085489531724,2
-0.4960797415604688,0.01136699257918745,2
-0.48391890736545506,0.012160834195013757,2
-0.4710549698291352,0.012863937536319895,2
-0.4575834808739195,0.013471488955215737,2
-0.4436038763914204,0.013979604482499068,2
-0.42921849131546413,0.014385385075956263,2
-0.41453153827499545,0.01468695304046868,2
-0.399648071394999,0.014883466879996407,2
-0.38467295847995947,0.014975112915039578,2
-0.3697098852333386,0.014963073246620866,2
-0.3548604142729015,0.014849470960437091,2
-0.34022311954593665,0.01463729472696486,2
-0.32589281348943355,0.014330306056503091,2
-0.3119598801655464,0.013932933323887172,2
-0.29850972293864425,0.013450157226902133,2
-0.2856223303780319,0.012887392560612315,0
-0.2753719592915974,0.010250371086434508,0
-0.26781593039944257,0.007556028892154865,0
-0.26299547470545465,0.0048204556939879465,0
-0.2609364313887965,0.00205904331665812,0
-0.2616497256134655,-0.0007132942246689858,0
-0.265131580316491,-0.0034818547030254503,0
-0.271363442320246,-0.006231862003755001,0
-0.2803116295788578,-0.00894818725861177,0
-0.2919267327769451,-0.011615103198087269,0
-0.3061428305424683,-0.014216097765523223,0
-0.32287660256463585,-0.01673377202216751,0
-0.34202644771732915,-0.01914984515269328,0
-0.3634717330068596,-0.021445285289530453,0
-0.38707231129737857,-0.023600578290518957,0
-0.41266844845092165,-0.025596137153543058,0
-0.440081290978247,-0.02741284252732532,0
-0.4691139815077731,-0.029032690529526135,0
-0.49955349081156397,-0.030439509303790864,0
-0.5311731833899445,-0.03161969257838049,0
-0.5637360727985198,-0.03256288940857529,0
-0.5969986593904434,-0.03326258659192363,0
-0.630715184837369,-0.033716525446925626,0
-0.6646420927626874,-0.033926907925318356,0
-0.698542459750119,-0.033900366987431554,0
-0.7321901597296351,-0.03364769997951607,0
-0.7653735474426754,-0.03318338771304034,0
-0.7978984897612815,-0.032524942318606094,0
-0.8295906305528951,-0.031692140791613546,0
-0.8602968374771554,-0.030706206924260314,0
-0.8898858395651595,-0.029589002088004177,0
-0.9182481160948138,-0.028362276529654243,0
-0.9452951358693569,-0.027047019774543053,1
-0.9699580698116792,-0.024662933942322295,1
-0.9921878207767193,-0.022229750965040082,2
-1.0109515378412752,-0.018763717064556006,0
-1.028230020300135,-0.017278482458859847,0
-1.044012549048345,-0.015782528748209807,0
-1.0582951919183716,-0.014282642870026743,0
-1.0710792201837576,-0.012784028265386027,2
-1.0803696619638328,-0.009290441780075268,2
-1.0861724729061777,-0.005802810942344979,2
-1.0884923536387687,-0.002319880732591139,2
-1.0873313940313565,0.0011609596074122486,2
-1.0826885332040472,0.004642860827309166,2
-1.0745598296050094,0.008128703599037833,2
-1.0629395440880978,0.01162028551691165,2
-1.0478220459194052,0.015117498168692503,2
-1.02920455213814,0.018617493781265124,2
-1.007090699637773,0.02211385250036697,2
-0.9814949216110599,0.02559577802671315,2
-0.9524475509541984,0.029047370656861488,2
-0.9200004996707936,0.032447051283404846,2
-0.8842332652162911,0.0357672344545025,2
-0.8452588973431564,0.03897436787313473,2
-0.8032294351303104,0.042029462212846015,2
-0.7583402151676608,0.04488921996264955,2
-0.7108323880379925,0.04750782712966825,2
-0.6609929947282804,0.04983939330971205,2
-0.6091520760749416,0.05184091865333884,2
-0.5556765292063962,0.053475546868545366,2
-0.5009607703475841,0.05471575885881204,2
-0.4454146660412759,0.05554610430630827,2
-0.38944958072348607,0.05596508531778981,2
-0.33346367427656365,0.05598590644692239,2
-0.27782770090515413,0.05563597337140954,0
-0.22487248098552487,0.05295521991962927,2
-0.17286962594806649,0.05200285503745838,2
-0.12203804481238932,0.050831581135677165,2
-0.07254077740667185,0.04949726740571747,2
-0.024484543920614214,0.048056233486057635,1
0.0210784308286448,0.045562974749259015,1
0.06414640229031018,0.043067971461665376,2
0.10576052213114767,0.04161411984083749,2
0.1459994243770533,0.04023890224590563,2
0.1849743204617253,0.03897489608467201,2
0.2228243639645731,0.037850043502847826,1
0.2587124851165954,0.035888121152022306,1
0.2928165445779334,0.034104059461337974,0
0.32432474077542545,0.03150819619749208,1
0.3544258278705308,0.030101087095105353,2
0.3843118891394423,0.029886061268911517,2
0.41418343512542244,0.029871545985980102,2
0.4442490231294311,0.030065588004008655,1
0.4737250927709584,0.02947606964152735,1
-0.5225355162066435,0.0,2
-0.521543490638558,0.0009920255680854891,2
-0.519566879609999,0.0019766110285589257,2
-0.5166205070639962,0.0029463725460028246,2
-0.5127264677091614,0.0038940393548348266,2
-0.5079139562059469,0.004812511503214484,2
-0.5022190374428503,0.005694918763096608,2
-0.49568435679753503,0.0065346806453152936,2
-0.4883587896765795,0.007325567120955532,2
-0.4802970303912418,0.008061759285337679,2
-0.47155912154913115,0.0087379088421106,2
-0.4622099265818127,0.009349194967318473,2
-0.4523185497110341,0.009891376870778606,2
-0.4419577094768163,0.010360840234217805,2
-0.43120307378244854,0.010754635694367756,2
-0.4201325661161006,0.011070507666347948,2
-0.4088256540483711,0.011306912067729505,2
-0.39736263215499096,0.011463021893380177,2
-0.38582391207484484,0.01153872008014614,2
-0.3742893324214838,0.01153457965336101,2
-0.36283750069906784,0.01145183172241601,2
-0.3515451782526661,0.011292322446401723,2
-0.3404867176708668,0.011058460581799308,2
-0.329733560053263,0.010753157617603806,2
-0.3193537972791085,0.010379762774154457,2
-0.3094118020020473,0.009941995277061202,2
-0.29996792568628905,0.009443876315758298,0
-0.2930782627190607,0.006889662967228391,0
-0.28878295159212536,0.004295311126935326,0
-0.28710667276255364,0.0016762788295717071,0
-0.2880589852679649,-0.0009523125054112609,0
-0.29163446355077693,-0.0035754782828120403,0
-0.29781261935121134,-0.006178155800434388,0
-0.30655761727665903,-0.008744997925447685,0
-0.31781781621169086,-0.011260198935031811,0
-0.33152519149102405,-0.013707375279333193,0
-0.3475947138482566,-0.01606952235723252,0
-0.3659237793128129,-0.01832906546455629,0
-0.3863917977606768,-0.020468018447863903,0
-0.4088600546974218,-0.022468256936745045,0
-0.43317195894264127,-0.024311904245219465,0
-0.45915377638312077,-0.02598181744047951,0
-0.48661592587473673,-0.02746214949161596,0
-0.5153548780352075,-0.028738952160470822,0
-0.545155653124551,-0.029800775089343586,0
-0.5757948643052946,-0.030639211180743572,0
-0.6070442026631528,-0.031249338357858286,0
-0.6386742165902958,-0.031630013927142944,0
-0.6704582063784851,-0.031783989788189276,0
-0.7021760396547443,-0.03171783327625923,0
-0.7336176968292436,-0.03144165717449933,0
-0.7645863774446969,-0.030968680615453374,0
-0.7949010349881936,-0.030314657543496663,0
-0.824398254137731,-0.0294972191495374,0
-0.8529334344206526,-0.02853518028292161,0
-0.8803812919134627,-0.027447857492810132,0
-0.9066357311113674,-0.026254439197904673,0
-0.9316091693601225,-0.024973438248755083,1
-0.9542314150576322,-0.02262224569750969,2
-0.9734502625396836,-0.019218847482051334,0
-0.991230045809415,-0.01777978326973144,0
-1.007544985439438,-0.016314939630023142,0
-1.02237759288721,-0.014832607447771994,0
-1.0357171274748165,-0.013339534587606294,0
-1.047558144667308,-0.01184101719249132,0
-1.0578991633226102,-0.010341018655302252,2
-1.0647414702679,-0.006842306945289547,2
-1.0680872390412783,-0.0033457687733784262,2
-1.0679379154725472,0.00014932356873108765,2
-1.0642934296732338,0.0036444857993133965,2
-1.057152231180177,0.007141198493056624,2
-1.0465121474303698,0.010640083749807253,2
-1.0323720689655669,0.014140078464802985,2
-1.0147344627860648,0.017637606179502063,2
-0.9936087030750294,0.02112575971103553,2
-0.969015181191815,0.024593521883214422,2
-0.9409901100739767,0.028025071117838224,2
-0.9095908692358278,0.031399240838148886,2
-0.8749016456953278,0.03468922354049997,2
-0.8370390186396905,0.03786262705563729,2
-0.7961570235313958,0.04088199510829474,2
-0.7524511346344032,0.043705888896992645,2
-0.7061605505517972,0.046290584082605994,2
-0.6575681851862658,0.0485923653655314,2
-0.606997881752428,0.05057030343383778,2
-0.5548085904717246,0.052189291280703376,2
-0.5013855674295905,0.053423023042134095,2
-0.44712902016948125,0.05425654726010926,2
-0.3924409786749348,0.054688041494546445,2
-0.3377114338950801,0.054729544779854714,2
-0.2833048988321889,0.05440653506289125,2
-0.22954848184513335,0.05375641698705555,2
-0.17672233368674692,0.052826148158386425,2
-0.12505299211305954,0.051669341573687376,2
-0.07470977399309256,0.05034321811996697,2
-0.025804025851535968,0.04890574814155659,1
0.020609209337164085,0.04641323518870005,0
0.06352722132338418,0.0429180119862201,2
0.10499049776813774,0.04146327644475357,2
0.1450767611869624,0.040086263418824666,2
0.18389609216987085,0.03881933098290847,2
0.22158632098542244,0.037690228815551584,1
0.2573088860600323,0.03572256507460991,1
0.29124003082628536,0.03393114476625304,0
0.322566228798619,0.03132619797233368,1
0.35247443588776844,0.029908207089149416,2
0.382154847356504,0.029680411468735582,2
0.4118059790258931,0.02965113166938911,2
0.44163429444158475,0.029828315415691635,1
0.47085405238047096,0.029219757938886204,1
0.49967987361127014,0.02882582123079918,1
-0.46520344715526185,0.0,0
-0.46663917535343863,-0.0014357281981767886,0
-0.4695000245922246,-0.002860849238786008,0
-0.47376483560157717,-0.00426481100935258,0
-0.4794020104308413,-0.005637174829264125,0
-0.4863696906180122,-0.006967680187170934,0
-0.49461600880797996,-0.008246318189967766,0
-0.5040794239649885,-0.009463415157008557,0
-0.5146891506076522,-0.010609726642663663,0
-0.52636569148137,-0.011676540873717799,0
-0.5390214807242729,-0.012655789242902915,0
-0.5525616409442872,-0.013540160220014233,0
-0.5668848528946289,-0.014323211950341664,0
-0.5818843309213184,-0.014999478026689569,0
-0.5974488914705545,-0.0155645605492361,0
-0.6134640961685563,-0.01601520469800191,0
-0.629813445830099,-0.016349349661542646,0
-0.6463795976947959,-0.016566151864696954,0
-0.6630455756297085,-0.01666597793491256,0
-0.6796959422398849,-0.01665036661017644,0
-0.6962179028984327,-0.01652196065854767,0
-0.7125023145728714,-0.016284411674438712,0
-0.7284445767485836,-0.015942262175712225,0
-0.7439453873643268,-0.015500810615743174,0
-0.7589113530246591,-0.014965965660332248,0
-0.7732554493543775,-0.014344096329718396,0
-0.7868973337475382,-0.013641884393160752,0
-0.799763518541947,-0.012866184794408788,0
-0.811787417520209,-0.012023898978261898,0
-0.8229092824135316,-0.01112186489332259,0
-0.8330760486887027,-0.010166766275171093,0
-0.8422411113541988,-0.009165062665496083,0
-0.8503640519268476,-0.008122940572648807,0
-0.857410337205586,-0.007046285278738412,0
-0.8633510092791967,-0.005940672073610754,0
-0.8681623844297391,-0.0048113751505424115,0
-0.8718257764483694,-0.0036633920186302862,1
-0.8733272574957148,-0.0015014810473453774,1
-0.872661194444982,0.0006660630507328204,2
-0.8688300807532235,0.0038311136917585057,2
-0.8618484260333036,0.006981654719919917,2
-0.8517434011466208,0.010105024886682783,2
-0.8385559788394602,0.01318742230716061,2
-0.8223425022237554,0.016213476615704787,2
-0.8031765790684683,0.01916592315528708,2
-0.7811511631095966,0.022025415958871666,2
-0.7563806461902697,0.024770516919327017,2
-0.7290027506202048,0.027377895570064866,2
-0.6991799851337676,0.02982276548643728,2
-0.6671004170333708,0.03207956810039678,2
-0.6329775246625514,0.03412289237081934,2
-0.5970489340978609,0.03592859056469051,2
-0.5595739144386299,0.03747501965923096,2
-0.5208296047264502,0.03874430971217968,2
-0.48110606355691815,0.03972354116953209,2
-0.44070035525970247,0.04040570829721567,2
-0.3999099958905394,0.04079035936916307,2
-0.3590261600296468,0.04088383586089254,2
-0.3183270816846139,0.04069907834503294,2
-0.2780720635087841,0.04025501817582978,2
-0.2384964416120983,0.03957562189668582,2
-0.19980775056776234,0.03868869104433594,2
-0.16218321235894434,0.03762453820881802,2
-0.12576855273367726,0.03641465962526708,2
-0.0906780447336204,0.03509050800005686,2
-0.05699560257182497,0.03368244216179543,2
-0.02477670375156274,0.03221889882026223,2
0.005949098096371119,0.03072580184793386,2
0.03517529809112827,0.029226199994757153,2
0.0629154048165346,0.027740106725406322,2
0.0891999109125302,0.026284506095995596,2
0.1140733961430023,0.024873485230472094,2
0.13759185152741452,0.023518455384412225,2
0.15982027958762862,0.022228428060214106,2
0.18083059822965183,0.021010318642023205,2
0.20069985462521636,0.019869256395564534,2
0.21950874028645012,0.018808885661233746,2
0.23734038851754333,0.017831648231093216,2
0.25427942958881633,0.016939041071272993,2
0.2704112763206581,0.01613184673184173,2
0.2858216123978433,0.015410336077185217,2
0.30059605691562474,0.014774444517781406,2
0.314819980801065,0.01422392388544025,2
0.328578453414996,0.013758472613931004,2
0.3419563005042934,0.01337784708929738,2
0.35503825752229745,0.013081957018004065,2
0.3679092050233693,0.012870947501071857,2
0.38065447527506174,0.012745270251692423,2
0.39336022136247667,0.012705746087414904,2
0.40611384184832294,0.012753620485846258,2
0.41900445547094395,0.01289061362262099,2
0.4321234213805556,0.013118965909611634,2
0.44556490098892293,0.013441479608367349,2
0.45942645757739664,0.013861556588473701,1
0.4728096892816196,0.013383231704222944,1
0.4858134750139622,0.013003785732342626,1
0.4985344775077486,0.012721002493786398,1
